Games,At-bat,Runs,Hits,Double,Triple,HR,RBI,Walk,Strikeouts,stolen base ,Caught stealing,AVG,On-base Plus Slugging
1632.0,6366.0,1132.0,1839.0,322.0,64.0,98.0,615.0,804.0,730.0,407.0,117.0,0.289,0.784
1913.0,7182.0,1048.0,2004.0,320.0,77.0,32.0,591.0,827.0,487.0,145.0,75.0,0.279,0.713
826.0,2516.0,371.0,684.0,127.0,9.0,46.0,230.0,195.0,230.0,98.0,31.0,0.272,0.713
1245.0,4364.0,499.0,1292.0,139.0,37.0,65.0,520.0,167.0,146.0,11.0,8.0,0.296,0.712
924.0,2856.0,316.0,733.0,135.0,18.0,66.0,376.0,181.0,552.0,21.0,29.0,0.257,0.687
2323.0,8860.0,1775.0,2839.0,574.0,146.0,184.0,1427.0,1186.0,372.0,181.0,89.0,0.32,0.884
813.0,3102.0,693.0,794.0,135.0,58.0,19.0,334.0,535.0,158.0,255.0,29.111971403812824,0.256,0.728
1062.0,3701.0,551.0,1071.0,240.0,51.0,73.0,573.0,353.0,315.0,57.0,45.0,0.289,0.793
1197.0,4501.0,663.0,1215.0,203.0,40.0,74.0,446.0,337.0,625.0,222.0,93.0,0.27,0.706
1396.0,4977.0,623.0,1209.0,274.0,27.0,137.0,536.0,392.0,1165.0,97.0,48.0,0.243,0.693
1280.0,5371.0,965.0,1467.0,228.0,132.0,68.0,601.0,418.0,547.0,113.0,29.111971403812824,0.273,0.732
1410.0,4106.0,498.0,1042.0,227.0,17.0,146.0,618.0,391.0,864.0,34.0,33.0,0.254,0.746
1559.0,5646.0,736.0,1501.0,325.0,22.0,162.0,695.0,443.0,847.0,74.0,35.0,0.266,0.74
912.0,3028.0,334.0,755.0,167.0,23.0,36.0,387.0,284.0,268.0,27.0,29.0,0.249,0.671
889.0,3294.0,469.0,889.0,165.0,26.0,138.0,474.0,176.0,670.0,53.0,23.0,0.27,0.766
1387.0,4449.0,496.0,1176.0,193.0,42.0,71.0,435.0,348.0,658.0,167.0,63.0,0.264,0.691
1555.0,5248.0,664.0,1349.0,189.0,43.0,56.0,458.0,471.0,616.0,168.0,78.0,0.257,0.658
1341.0,3971.0,551.0,1031.0,189.0,53.0,47.0,422.0,500.0,624.0,81.0,50.0,0.26,0.715
1352.0,4426.0,636.0,1202.0,150.0,15.0,211.0,669.0,435.0,656.0,54.0,24.0,0.272,0.795
1373.0,8568.0,1619.0,2672.0,361.0,220.0,67.0,1015.0,874.0,135.0,506.0,29.111971403812824,0.312,0.815
927.0,2896.0,247.0,733.0,153.0,11.0,44.0,320.0,189.0,450.0,18.0,21.0,0.253,0.658
1716.0,6655.0,998.0,1931.0,309.0,123.0,136.0,766.0,377.0,1067.0,480.0,109.0,0.29,0.765
1011.0,3148.0,377.0,710.0,169.0,9.0,114.0,367.0,374.0,788.0,11.0,16.0,0.226,0.704
1704.0,6184.0,730.0,1729.0,334.0,46.0,94.0,884.0,579.0,497.0,42.0,3.0,0.28,0.737
1163.0,3253.0,421.0,798.0,141.0,27.0,19.0,263.0,386.0,651.0,104.0,36.0,0.245,0.646
1467.0,4222.0,625.0,1138.0,220.0,7.0,187.0,702.0,652.0,929.0,13.0,4.0,0.27,0.828
1883.0,6443.0,1118.0,2011.0,367.0,83.0,359.0,1337.0,856.0,524.0,28.0,1.0,0.312,0.959
1318.0,5896.0,758.0,1576.0,284.0,90.0,27.0,762.0,471.0,32.0,194.0,29.111971403812824,0.267,0.69
1741.0,6478.0,865.0,1823.0,311.0,66.0,206.0,942.0,470.0,636.0,30.0,31.0,0.281,0.775
1826.0,6161.0,724.0,1568.0,323.0,43.0,199.0,816.0,388.0,1224.0,48.0,39.0,0.255,0.719
1038.0,3064.0,307.0,738.0,99.0,34.0,19.0,219.0,256.0,425.0,74.0,46.0,0.241,0.614
818.0,2778.0,340.0,733.0,136.0,19.0,42.0,258.0,256.0,314.0,22.0,7.0,0.264,0.7
1092.0,3285.0,438.0,786.0,107.0,22.0,61.0,340.0,561.0,529.0,38.0,30.0,0.239,0.691
1034.0,3657.0,560.0,1010.0,221.0,32.0,140.0,470.0,282.0,705.0,122.0,28.0,0.276,0.8
1302.0,4594.0,632.0,1272.0,255.0,19.0,165.0,630.0,314.0,949.0,82.0,45.0,0.277,0.774
846.0,3013.0,439.0,926.0,155.0,26.0,73.0,452.0,195.0,176.0,23.0,29.111971403812824,0.307,0.801
1155.0,4079.0,584.0,1019.0,179.0,13.0,224.0,635.0,467.0,1233.0,28.0,17.0,0.25,0.799
1394.0,5193.0,1051.0,1628.0,379.0,71.0,331.0,1276.0,852.0,844.0,58.0,26.0,0.313,1.017
1294.0,3935.0,461.0,1011.0,153.0,31.0,134.0,504.0,477.0,593.0,14.0,30.0,0.257,0.754
959.0,2811.0,268.0,751.0,122.0,18.0,44.0,311.0,186.0,412.0,16.0,16.0,0.267,0.683
1829.0,6092.0,900.0,1664.0,379.0,10.0,275.0,1065.0,936.0,1453.0,20.0,21.0,0.273,0.848
858.0,2813.0,353.0,776.0,148.0,19.0,58.0,309.0,135.0,400.0,142.0,38.0,0.276,0.714
1807.0,6533.0,906.0,1766.0,288.0,124.0,92.0,792.0,545.0,515.0,233.0,17.0,0.27,0.727
956.0,3707.0,516.0,990.0,173.0,43.0,29.0,423.0,212.0,250.0,113.0,63.0,0.267,0.668
1417.0,6653.0,1001.0,1841.0,361.0,145.0,75.0,951.0,525.0,45.0,285.0,2.0,0.277,0.743
1795.0,6702.0,881.0,2054.0,385.0,50.0,78.0,870.0,621.0,287.0,51.0,36.0,0.306,0.781
1584.0,4502.0,656.0,1195.0,188.0,31.0,200.0,666.0,610.0,544.0,47.0,37.0,0.265,0.81
1237.0,4946.0,714.0,1286.0,238.0,76.0,74.0,667.0,173.0,602.0,130.0,29.111971403812824,0.26,0.671
1247.0,4311.0,587.0,1178.0,261.0,19.0,122.0,566.0,325.0,775.0,49.0,19.0,0.273,0.758
1460.0,4505.0,386.0,1194.0,197.0,16.0,53.0,543.0,418.0,264.0,8.0,29.111971403812824,0.265,0.679
2360.0,7927.0,1195.0,2232.0,423.0,55.0,475.0,1540.0,937.0,1936.0,17.0,16.0,0.282,0.889
1161.0,3630.0,511.0,891.0,197.0,25.0,137.0,588.0,629.0,726.0,50.0,10.0,0.245,0.784
2275.0,9294.0,1421.0,2455.0,511.0,115.0,231.0,936.0,813.0,1264.0,470.0,105.0,0.264,0.742
1082.0,3048.0,299.0,707.0,108.0,54.0,22.0,317.0,263.0,315.0,86.0,16.0,0.232,0.62
952.0,3419.0,480.0,938.0,192.0,18.0,122.0,540.0,329.0,730.0,57.0,36.0,0.274,0.792
1033.0,3607.0,460.0,934.0,217.0,15.0,97.0,391.0,154.0,640.0,92.0,32.0,0.259,0.704
1518.0,5357.0,843.0,1458.0,258.0,46.0,164.0,676.0,674.0,768.0,67.0,43.0,0.272,0.787
916.0,3062.0,411.0,760.0,140.0,51.0,82.0,316.0,236.0,737.0,112.0,36.0,0.248,0.716
1391.0,4229.0,331.0,1122.0,170.0,44.0,47.0,525.0,281.0,416.0,37.0,20.0,0.265,0.673
1328.0,4984.0,633.0,1306.0,180.0,74.0,20.0,471.0,333.0,732.406017542465,184.0,0.655,0.262,0.655
1559.0,4532.0,629.0,1188.0,233.0,11.0,251.0,824.0,527.0,1209.0,6.0,9.0,0.262,0.824
1522.0,5428.0,697.0,1543.0,327.0,36.0,123.0,739.0,432.0,738.0,42.0,26.0,0.284,0.765
1061.0,3442.0,311.0,813.0,118.0,13.0,82.0,381.0,271.0,565.0,12.0,17.0,0.236,0.642
1162.0,4271.0,571.0,1190.0,195.0,49.0,28.0,443.0,222.0,190.0,31.0,14.0,0.279,0.683
1811.0,6354.0,1023.0,1671.0,232.0,50.0,155.0,614.0,833.0,852.0,557.0,114.0,0.263,0.737
1455.0,4800.0,641.0,1367.0,303.0,34.0,162.0,687.0,519.0,938.0,29.0,28.0,0.285,0.822
1799.0,5215.0,617.0,1344.0,179.0,42.0,87.0,481.0,481.0,675.0,64.0,60.0,0.258,0.677
1879.0,6491.0,1146.0,1905.0,422.0,30.0,366.0,1234.0,1201.0,1300.0,86.0,48.0,0.293,0.943
1023.0,2959.0,358.0,768.0,157.0,12.0,70.0,331.0,227.0,392.0,12.0,21.0,0.26,0.704
2196.0,7599.0,1204.0,1933.0,383.0,36.0,434.0,1289.0,891.0,1748.0,152.0,59.0,0.254,0.823
1448.0,5062.0,566.0,1500.0,205.0,57.0,65.0,585.0,223.0,331.0,36.0,38.0,0.296,0.724
1799.0,6654.0,963.0,1846.0,417.0,22.0,284.0,1061.0,646.0,1384.0,43.0,16.0,0.277,0.816
1036.0,3480.0,442.0,913.0,187.0,19.0,140.0,564.0,355.0,834.0,12.0,7.0,0.262,0.778
989.0,3180.0,288.0,939.0,146.0,12.0,61.0,474.0,220.0,188.0,6.0,2.0,0.295,0.754
1645.0,5782.0,720.0,1580.0,290.0,82.0,60.0,733.0,454.0,583.0,272.0,20.0,0.273,0.714
1832.0,6192.0,943.0,1602.0,255.0,47.0,53.0,614.0,875.0,983.0,272.0,119.0,0.259,0.69
1417.0,5531.0,850.0,1527.0,367.0,39.0,97.0,542.0,609.0,844.0,285.0,73.0,0.276,0.756
1096.0,3770.0,438.0,1051.0,220.0,14.0,47.0,366.0,173.0,502.0,59.0,35.0,0.279,0.701
1117.0,4297.0,797.0,1273.0,200.0,79.0,20.0,596.0,554.0,29.0,401.0,29.111971403812824,0.296,0.788
2189.0,8365.0,1322.0,2574.0,317.0,109.0,29.0,586.0,1198.0,571.0,234.0,92.0,0.308,0.778
1635.0,5798.0,985.0,1553.0,260.0,54.0,255.0,870.0,718.0,1285.0,284.0,78.0,0.268,0.815
811.0,2781.0,415.0,794.0,152.0,44.0,43.0,290.0,180.0,170.0,42.0,49.0,0.286,0.749
1365.0,4716.0,677.0,1332.0,203.0,106.0,44.0,503.0,324.0,464.0,129.0,21.0,0.282,0.73
963.0,2999.0,419.0,778.0,161.0,16.0,91.0,371.0,236.0,537.0,134.0,56.0,0.259,0.728
926.0,2986.0,356.0,774.0,165.0,22.0,56.0,342.0,213.0,329.0,23.0,27.0,0.259,0.699
823.0,2883.0,399.0,696.0,156.0,19.0,96.0,362.0,287.0,694.0,98.0,27.0,0.241,0.718
1720.0,6214.0,798.0,1623.0,302.0,36.0,176.0,729.0,600.0,865.0,80.0,51.0,0.261,0.734
1771.0,7605.0,1296.0,2084.0,354.0,136.0,56.0,813.0,1135.0,233.0,465.0,29.111971403812824,0.274,0.753
1184.0,4718.0,925.0,1429.0,259.0,114.0,53.0,836.0,484.0,141.0,129.0,29.111971403812824,0.303,0.82
1284.0,4603.0,901.0,1297.0,269.0,73.0,183.0,795.0,712.0,383.0,37.0,19.0,0.282,0.873
1151.0,3149.0,385.0,849.0,140.0,34.0,30.0,266.0,180.0,356.0,106.0,42.0,0.27,0.672
871.0,2810.0,419.0,648.0,111.0,14.0,100.0,351.0,413.0,702.0,65.0,26.0,0.231,0.717
1821.0,6212.0,946.0,1934.0,389.0,96.0,116.0,990.0,383.0,340.0,127.0,82.0,0.311,0.82
1112.0,3791.0,422.0,991.0,183.0,31.0,80.0,454.0,318.0,675.0,9.0,14.0,0.261,0.71
1217.0,3151.0,310.0,861.0,144.0,20.0,29.0,354.0,236.0,287.0,10.0,12.0,0.273,0.683
889.0,2810.0,370.0,725.0,181.0,20.0,135.0,436.0,334.0,662.0,17.0,7.0,0.258,0.821
1301.0,4330.0,498.0,1102.0,176.0,15.0,65.0,506.0,626.0,428.0,10.0,13.0,0.255,0.695
1536.0,5392.0,730.0,1618.0,267.0,29.0,215.0,898.0,609.0,862.0,97.0,47.0,0.3,0.85
954.0,3032.0,394.0,778.0,150.0,9.0,97.0,361.0,228.0,736.0,78.0,19.0,0.257,0.719
915.0,3439.0,566.0,950.0,167.0,46.0,66.0,319.0,346.0,679.0,87.0,32.0,0.276,0.763
975.0,2706.0,382.0,746.0,132.0,19.0,69.0,349.0,226.0,409.0,7.0,10.0,0.276,0.747
896.0,3239.0,404.0,938.0,184.0,49.0,66.0,509.0,276.0,322.0,25.0,5.0,0.29,0.784
1658.0,5711.0,835.0,1562.0,293.0,91.0,164.0,792.0,667.0,1063.0,245.0,59.0,0.274,0.792
1319.0,4706.0,591.0,1310.0,194.0,88.0,27.0,593.0,407.0,256.0,173.0,26.0,0.278,0.715
1248.0,3808.0,480.0,1064.0,197.0,31.0,60.0,486.0,419.0,329.0,19.0,42.0,0.279,0.747
1998.0,7299.0,1092.0,2020.0,374.0,66.0,193.0,1007.0,757.0,1008.0,341.0,93.0,0.277,0.768
1392.0,5087.0,691.0,1454.0,298.0,58.0,89.0,799.0,474.0,453.0,47.0,56.0,0.286,0.767
1651.0,5880.0,884.0,1566.0,349.0,44.0,167.0,768.0,832.0,994.0,116.0,49.0,0.266,0.783
2517.0,9397.0,1077.0,2715.0,498.0,49.0,174.0,1208.0,450.0,453.0,183.0,73.0,0.289,0.729
1975.0,7750.0,1152.0,2095.0,481.0,31.0,412.0,1159.0,496.0,1803.0,289.0,84.0,0.27,0.819
1058.0,3712.0,470.0,974.0,174.0,32.0,66.0,351.0,298.0,218.0,42.0,21.0,0.262,0.698
1087.0,3312.0,422.0,899.0,221.0,11.0,66.0,405.0,438.0,472.0,14.0,15.0,0.271,0.765
1806.0,6378.0,895.0,1910.0,324.0,56.0,192.0,1058.0,514.0,436.0,48.0,26.0,0.299,0.813
1481.0,6253.0,1083.0,1881.0,368.0,84.0,56.0,751.0,366.0,304.0,153.0,29.111971403812824,0.301,0.756
2267.0,8773.0,1262.0,2639.0,572.0,33.0,335.0,1306.0,620.0,1214.0,51.0,38.0,0.301,0.839
882.0,2780.0,313.0,710.0,116.0,23.0,68.0,367.0,224.0,525.0,19.0,17.0,0.255,0.698
1210.0,4140.0,483.0,1134.0,217.0,24.0,108.0,548.0,369.0,662.0,30.0,9.0,0.274,0.751
2057.0,7236.0,1217.0,1800.0,346.0,95.0,344.0,937.0,924.0,1916.0,153.0,50.0,0.249,0.802
1269.0,4419.0,562.0,1121.0,241.0,41.0,158.0,605.0,334.0,972.0,21.0,17.0,0.254,0.741
1495.0,4686.0,623.0,1207.0,182.0,31.0,25.0,386.0,658.0,658.0,96.0,35.0,0.258,0.677
937.0,3404.0,518.0,1075.0,203.0,50.0,31.0,485.0,186.0,199.0,64.0,36.0,0.316,0.787
2082.0,7339.0,985.0,2101.0,359.0,49.0,206.0,852.0,423.0,706.0,107.0,67.0,0.286,0.761
949.0,3051.0,427.0,807.0,174.0,14.0,113.0,448.0,321.0,709.0,50.0,21.0,0.265,0.786
1166.0,4434.0,583.0,1187.0,201.0,20.0,197.0,677.0,379.0,1044.0,28.0,14.0,0.268,0.781
1090.0,3612.0,389.0,844.0,172.0,9.0,134.0,491.0,307.0,959.0,6.0,12.0,0.234,0.699
1103.0,2572.0,344.0,580.0,124.0,14.0,81.0,298.0,225.0,775.0,42.0,19.0,0.226,0.68
1736.0,7030.0,1163.0,2040.0,313.0,98.0,27.0,825.0,439.0,212.0,372.0,29.111971403812824,0.29,0.711
1049.0,2743.0,245.0,618.0,128.0,10.0,58.0,321.0,230.0,419.0,5.0,10.0,0.225,0.627
1023.0,2976.0,460.0,705.0,150.0,13.0,173.0,436.0,387.0,831.0,22.0,23.0,0.237,0.804
1774.0,6073.0,706.0,1591.0,241.0,35.0,200.0,758.0,626.0,753.0,24.0,21.0,0.262,0.752
1676.0,6074.0,918.0,1774.0,308.0,87.0,26.0,566.0,696.0,345.0,180.0,66.0,0.292,0.757
1157.0,4283.0,619.0,1226.0,226.0,60.0,77.0,687.0,339.0,299.0,55.0,29.111971403812824,0.286,0.768
2259.0,8173.0,1579.0,2930.0,541.0,169.0,301.0,1584.0,1038.0,679.0,135.0,64.0,0.358,1.011
1561.0,5805.0,718.0,1488.0,291.0,14.0,188.0,688.0,411.0,960.0,8.0,9.0,0.256,0.713
1474.0,5357.0,756.0,1519.0,296.0,34.0,198.0,768.0,360.0,925.0,94.0,47.0,0.284,0.798
1382.0,4877.0,947.0,1518.0,273.0,54.0,137.0,734.0,740.0,291.0,197.0,30.0,0.311,0.883
827.0,4405.0,695.0,1227.0,188.0,108.0,40.0,721.0,422.0,10.0,396.0,29.111971403812824,0.279,0.744
2135.0,8291.0,1678.0,2250.0,303.0,188.0,53.0,1067.0,981.0,229.0,568.0,29.111971403812824,0.271,0.727
1547.0,5556.0,684.0,1468.0,287.0,39.0,179.0,810.0,369.0,870.0,25.0,15.0,0.264,0.738
1603.0,5891.0,876.0,1621.0,291.0,52.0,277.0,1152.0,792.0,867.0,38.0,26.0,0.275,0.845
1119.0,4153.0,584.0,1219.0,203.0,76.0,94.0,723.0,209.0,407.0,38.0,13.0,0.294,0.775
1445.0,4989.0,912.0,1508.0,292.0,93.0,105.0,712.0,717.0,526.0,132.0,53.0,0.302,0.853
1064.0,2708.0,367.0,670.0,135.0,4.0,121.0,410.0,406.0,428.0,16.0,20.0,0.247,0.785
1621.0,5318.0,824.0,1479.0,340.0,23.0,233.0,865.0,601.0,1064.0,148.0,43.0,0.278,0.84
1336.0,3865.0,477.0,950.0,175.0,40.0,71.0,431.0,281.0,605.0,86.0,60.0,0.246,0.663
1858.0,6930.0,1018.0,2123.0,428.0,30.0,143.0,923.0,939.0,1034.0,52.0,19.0,0.306,0.827
2850.0,10876.0,1844.0,3060.0,668.0,55.0,291.0,1175.0,1160.0,1753.0,414.0,124.0,0.281,0.796
1602.0,4874.0,558.0,1354.0,237.0,44.0,29.0,446.0,546.0,356.0,62.0,47.0,0.278,0.713
850.0,2798.0,285.0,721.0,141.0,6.0,67.0,380.0,249.0,517.0,7.0,10.0,0.258,0.701
2792.0,10195.0,1881.0,3515.0,792.0,222.0,117.0,1529.0,1381.0,220.0,432.0,129.0,0.345,0.928
1332.0,4981.0,872.0,1772.0,307.0,168.0,54.0,785.0,519.0,158.0,202.0,61.0,0.356,0.94
1442.0,4387.0,580.0,1126.0,233.0,22.0,70.0,420.0,373.0,572.0,147.0,68.0,0.257,0.692
1484.0,5149.0,755.0,1375.0,256.0,75.0,42.0,609.0,649.0,416.0,82.0,62.0,0.267,0.721
1197.0,3563.0,449.0,820.0,181.0,11.0,141.0,502.0,576.0,1024.0,11.0,10.0,0.23,0.751
1765.0,5941.0,706.0,1447.0,247.0,33.0,245.0,923.0,584.0,1318.0,11.0,18.0,0.244,0.73
1234.0,4124.0,442.0,1109.0,250.0,16.0,70.0,464.0,132.0,429.0,16.0,28.0,0.269,0.681
1026.0,3549.0,502.0,1028.0,127.0,63.0,26.0,255.0,356.0,436.0,247.0,89.0,0.29,0.74
1443.0,5023.0,528.0,1425.0,267.0,21.0,108.0,669.0,397.0,652.0,38.0,21.0,0.284,0.746
1668.0,4969.0,848.0,1318.0,215.0,46.0,149.0,740.0,980.0,653.0,133.0,39.0,0.265,0.802
1696.0,6047.0,576.0,1515.0,241.0,20.0,25.0,501.0,265.0,399.0,81.0,55.0,0.251,0.592
1874.0,6187.0,1167.0,1626.0,252.0,6.0,583.0,1414.0,1317.0,1596.0,12.0,8.0,0.263,0.982
1898.0,7043.0,1119.0,1950.0,393.0,49.0,287.0,1003.0,988.0,1543.0,205.0,84.0,0.277,0.838
1652.0,6434.0,774.0,1687.0,263.0,114.0,31.0,782.0,416.0,149.0,336.0,29.111971403812824,0.262,0.661
1400.0,4026.0,530.0,1003.0,176.0,16.0,200.0,643.0,606.0,668.0,24.0,32.0,0.249,0.798
1369.0,3945.0,539.0,1016.0,188.0,10.0,196.0,699.0,568.0,719.0,9.0,12.0,0.258,0.814
1371.0,4912.0,620.0,1314.0,190.0,52.0,47.0,454.0,428.0,411.0,20.0,15.0,0.268,0.681
2180.0,7937.0,1329.0,2340.0,441.0,76.0,198.0,960.0,939.0,817.0,379.0,77.0,0.295,0.815
1657.0,6086.0,833.0,1768.0,291.0,86.0,135.0,929.0,412.0,565.0,71.0,13.0,0.291,0.77
1247.0,4233.0,583.0,1160.0,163.0,39.0,130.0,604.0,458.0,219.0,14.0,4.0,0.274,0.77
1186.0,4278.0,590.0,1144.0,182.0,33.0,71.0,369.0,453.0,926.0,91.0,40.0,0.267,0.716
1263.0,4322.0,598.0,1144.0,214.0,44.0,89.0,498.0,523.0,530.0,64.0,47.0,0.265,0.741
1189.0,4117.0,756.0,1227.0,270.0,75.0,59.0,501.0,369.0,438.0,146.0,29.111971403812824,0.298,0.801
1387.0,5281.0,806.0,1524.0,339.0,31.0,299.0,972.0,465.0,853.0,23.0,18.0,0.289,0.88
1328.0,3774.0,447.0,938.0,176.0,15.0,134.0,534.0,436.0,491.0,22.0,26.0,0.249,0.734
1362.0,4910.0,736.0,1336.0,270.0,33.0,187.0,709.0,649.0,796.0,91.0,53.0,0.272,0.813
1108.0,4003.0,573.0,1055.0,221.0,16.0,189.0,668.0,350.0,1085.0,124.0,55.0,0.264,0.797
1164.0,3172.0,249.0,682.0,104.0,16.0,30.0,268.0,214.0,538.0,7.0,7.0,0.215,0.55
894.0,2820.0,415.0,739.0,122.0,2.0,151.0,449.0,435.0,616.0,5.0,7.0,0.262,0.833
1320.0,3630.0,518.0,1014.0,215.0,23.0,65.0,408.0,181.0,728.0,41.0,29.0,0.279,0.74
1747.0,6192.0,903.0,1749.0,312.0,18.0,293.0,1086.0,838.0,798.0,37.0,26.0,0.282,0.848
1310.0,5357.0,1327.0,1612.0,262.0,94.0,46.0,618.0,717.0,332.0,170.0,29.111971403812824,0.301,0.797
1349.0,2679.0,312.0,690.0,100.0,16.0,54.0,289.0,380.0,347.0,19.0,14.0,0.258,0.715
1428.0,4208.0,552.0,1049.0,165.0,33.0,40.0,352.0,411.0,534.0,189.0,95.0,0.249,0.648
1720.0,6081.0,873.0,1578.0,287.0,102.0,161.0,703.0,440.0,1442.0,396.0,143.0,0.259,0.735
1200.0,4494.0,739.0,1391.0,268.0,105.0,77.0,707.0,463.0,352.0,45.0,40.0,0.31,0.843
1368.0,3476.0,510.0,881.0,137.0,18.0,116.0,441.0,446.0,596.0,128.0,78.0,0.253,0.74
1042.0,3053.0,383.0,722.0,95.0,17.0,44.0,228.0,215.0,313.0,52.0,22.0,0.236,0.61
905.0,3275.0,510.0,976.0,190.0,28.0,115.0,610.0,391.0,210.0,41.0,29.111971403812824,0.298,0.853
1539.0,5586.0,840.0,1479.0,313.0,22.0,283.0,891.0,722.0,1048.0,72.0,42.0,0.265,0.848
1155.0,4144.0,578.0,1241.0,190.0,36.0,72.0,591.0,359.0,269.0,33.0,0.0,0.299,0.772
1279.0,4800.0,473.0,1146.0,192.0,89.0,40.0,550.0,161.0,705.3669510842359,89.0,0.606,0.239,0.6060000000000001
1036.0,3530.0,471.0,992.0,230.0,36.0,134.0,452.0,221.0,773.0,30.0,24.0,0.281,0.804
1368.0,4988.0,754.0,1329.0,210.0,52.0,180.0,773.0,562.0,682.0,41.0,38.0,0.266,0.78
928.0,3088.0,407.0,830.0,153.0,23.0,106.0,416.0,207.0,433.0,25.0,29.0,0.269,0.755
821.0,2513.0,357.0,626.0,106.0,15.0,40.0,250.0,331.0,285.0,14.0,7.0,0.249,0.686
1186.0,3672.0,443.0,925.0,184.0,40.0,94.0,365.0,359.0,723.0,9.0,13.0,0.252,0.72
922.0,3014.0,313.0,756.0,126.0,18.0,74.0,404.0,322.0,447.0,8.0,15.0,0.251,0.701
1486.0,6138.0,1492.0,1771.0,347.0,174.0,122.0,908.0,663.0,343.0,509.0,29.111971403812824,0.289,0.822
892.0,3141.0,435.0,849.0,156.0,26.0,31.0,286.0,275.0,526.0,123.0,37.0,0.27,0.702
1720.0,6497.0,1001.0,1859.0,307.0,42.0,247.0,1174.0,692.0,685.0,25.0,22.0,0.286,0.815
1241.0,4676.0,676.0,1321.0,221.0,75.0,45.0,514.0,446.0,339.0,115.0,53.0,0.283,0.737
1887.0,6878.0,895.0,1962.0,383.0,45.0,144.0,854.0,510.0,891.0,101.0,37.0,0.285,0.751
1144.0,3971.0,496.0,1004.0,162.0,9.0,160.0,591.0,480.0,669.0,23.0,24.0,0.253,0.756
921.0,3982.0,478.0,1176.0,217.0,91.0,59.0,614.0,153.0,585.1606665036308,72.0,0.771,0.295,0.771
1345.0,4825.0,648.0,1319.0,256.0,66.0,93.0,542.0,483.0,825.0,85.0,28.0,0.273,0.753
1410.0,5105.0,1055.0,1547.0,298.0,51.0,351.0,898.0,922.0,1355.0,204.0,37.0,0.303,1.003
1137.0,3539.0,405.0,935.0,223.0,7.0,71.0,415.0,403.0,499.0,25.0,10.0,0.264,0.741
1202.0,3911.0,454.0,1101.0,190.0,25.0,47.0,512.0,375.0,559.0,16.0,20.0,0.282,0.724
1755.0,6441.0,797.0,1724.0,324.0,11.0,284.0,1027.0,552.0,1167.0,59.0,30.0,0.268,0.779
1469.0,5175.0,723.0,1260.0,262.0,32.0,164.0,586.0,589.0,1561.0,300.0,92.0,0.243,0.723
2353.0,7917.0,1036.0,2251.0,391.0,94.0,165.0,1077.0,898.0,1031.0,317.0,136.0,0.284,0.774
1239.0,4061.0,606.0,1115.0,244.0,24.0,118.0,546.0,466.0,708.0,115.0,71.0,0.275,0.786
1288.0,4124.0,478.0,1113.0,168.0,22.0,152.0,704.0,328.0,582.0,5.0,6.0,0.27,0.758
1051.0,3670.0,393.0,1011.0,169.0,72.0,43.0,516.0,312.0,240.0,83.0,26.0,0.275,0.731
904.0,2620.0,341.0,638.0,129.0,15.0,117.0,390.0,335.0,642.0,7.0,10.0,0.244,0.768
820.0,4208.0,588.0,1235.0,199.0,131.0,82.0,713.0,272.0,2.0,92.0,29.111971403812824,0.293,0.808
1421.0,3974.0,518.0,1002.0,163.0,25.0,159.0,560.0,491.0,832.0,17.0,19.0,0.252,0.761
1620.0,5447.0,733.0,1379.0,211.0,19.0,255.0,879.0,881.0,810.0,20.0,15.0,0.253,0.799
2380.0,7946.0,1247.0,2383.0,413.0,148.0,169.0,1304.0,1018.0,538.0,71.0,15.0,0.3,0.835
1650.0,5530.0,736.0,1340.0,216.0,55.0,41.0,490.0,523.0,787.0,385.0,131.0,0.242,0.633
1032.0,3914.0,490.0,1108.0,183.0,27.0,36.0,323.0,130.0,322.0,203.0,90.0,0.283,0.68
1499.0,5566.0,610.0,1491.0,211.0,46.0,45.0,438.0,298.0,561.0,80.0,47.0,0.268,0.654
1985.0,7562.0,985.0,2055.0,459.0,32.0,123.0,854.0,514.0,745.0,216.0,57.0,0.272,0.707
924.0,3312.0,470.0,901.0,200.0,25.0,104.0,444.0,306.0,556.0,97.0,49.0,0.272,0.775
1115.0,3446.0,429.0,877.0,161.0,28.0,115.0,432.0,243.0,535.0,51.0,26.0,0.254,0.723
877.0,2576.0,170.0,603.0,86.0,11.0,31.0,244.0,189.0,240.0,5.0,5.0,0.234,0.597
930.0,2517.0,266.0,625.0,91.0,19.0,31.0,244.0,240.0,239.0,27.0,17.0,0.248,0.65
1035.0,3917.0,439.0,1104.0,204.0,40.0,32.0,482.0,276.0,185.0,30.0,32.0,0.282,0.711
1300.0,4620.0,725.0,1296.0,185.0,35.0,80.0,467.0,561.0,399.0,78.0,52.0,0.281,0.747
1536.0,5488.0,809.0,1522.0,333.0,42.0,197.0,794.0,527.0,1101.0,75.0,22.0,0.277,0.805
1334.0,4763.0,756.0,1273.0,267.0,17.0,138.0,631.0,681.0,613.0,165.0,66.0,0.267,0.785
1717.0,6017.0,868.0,1613.0,279.0,77.0,42.0,577.0,715.0,659.0,293.0,43.0,0.268,0.711
2099.0,7983.0,1125.0,2273.0,469.0,19.0,358.0,1363.0,655.0,984.0,125.0,47.0,0.285,0.822
2201.0,7649.0,1010.0,2254.0,350.0,94.0,79.0,856.0,448.0,1238.0,352.0,121.0,0.295,0.729
1233.0,4339.0,586.0,1146.0,210.0,30.0,54.0,399.0,267.0,476.0,218.0,87.0,0.264,0.676
1226.0,3951.0,575.0,1134.0,232.0,83.0,119.0,719.0,561.0,514.0,89.0,9.0,0.287,0.858
1252.0,3408.0,477.0,922.0,158.0,35.0,37.0,388.0,355.0,496.0,97.0,43.0,0.271,0.711
1202.0,4147.0,663.0,1220.0,203.0,31.0,30.0,352.0,396.0,548.0,264.0,95.0,0.294,0.738
957.0,3032.0,475.0,824.0,172.0,17.0,110.0,423.0,292.0,596.0,67.0,30.0,0.272,0.787
1470.0,4577.0,430.0,1106.0,202.0,32.0,81.0,524.0,465.0,635.0,15.0,23.0,0.242,0.664
822.0,2795.0,471.0,649.0,111.0,11.0,199.0,445.0,424.0,923.0,22.0,12.0,0.232,0.831
1371.0,5406.0,849.0,1425.0,176.0,89.0,28.0,346.0,477.0,960.0,752.0,177.0,0.264,0.669
923.0,3309.0,364.0,809.0,163.0,4.0,130.0,467.0,221.0,569.0,5.0,1.0,0.244,0.707
960.0,3120.0,351.0,714.0,127.0,11.0,181.0,495.0,273.0,856.0,1.0,2.0,0.229,0.744
959.0,3546.0,413.0,875.0,181.0,14.0,135.0,495.0,210.0,859.0,9.0,14.0,0.247,0.71
864.0,2992.0,399.0,728.0,129.0,22.0,28.0,269.0,295.0,361.0,34.0,29.111971403812824,0.243,0.643
1181.0,3879.0,627.0,1072.0,209.0,32.0,110.0,599.0,853.0,399.0,26.0,20.0,0.276,0.84
1251.0,4519.0,592.0,1240.0,229.0,29.0,82.0,633.0,261.0,328.0,59.0,54.0,0.274,0.71
1755.0,5829.0,733.0,1619.0,267.0,63.0,130.0,745.0,500.0,716.0,79.0,60.0,0.278,0.746
1407.0,5475.0,826.0,1693.0,368.0,95.0,156.0,1067.0,375.0,619.0,142.0,102.0,0.309,0.853
2245.0,8065.0,1179.0,2445.0,511.0,45.0,173.0,1146.0,1075.0,642.0,70.0,48.0,0.303,0.825
1184.0,4589.0,686.0,1171.0,240.0,29.0,187.0,568.0,445.0,1001.0,107.0,34.0,0.255,0.763
854.0,2795.0,401.0,762.0,124.0,48.0,72.0,404.0,289.0,366.0,17.0,13.0,0.273,0.773
1382.0,4992.0,699.0,1257.0,171.0,87.0,37.0,386.0,387.0,885.0,487.0,182.0,0.252,0.649
1003.0,2906.0,350.0,713.0,134.0,7.0,108.0,424.0,404.0,528.0,10.0,16.0,0.245,0.745
1693.0,5851.0,802.0,1643.0,348.0,85.0,29.0,826.0,824.0,405.0,126.0,84.0,0.281,0.756
856.0,2778.0,270.0,666.0,91.0,19.0,40.0,259.0,213.0,338.0,68.0,28.0,0.24,0.621
1782.0,5539.0,765.0,1369.0,237.0,48.0,188.0,826.0,905.0,1025.0,39.0,37.0,0.247,0.763
1015.0,3719.0,510.0,965.0,177.0,13.0,190.0,603.0,370.0,613.0,28.0,11.0,0.259,0.799
1193.0,3144.0,383.0,832.0,150.0,11.0,59.0,396.0,328.0,374.0,142.0,75.0,0.265,0.709
1408.0,3659.0,453.0,969.0,180.0,23.0,80.0,422.0,332.0,589.0,60.0,55.0,0.265,0.721
2831.0,10472.0,1663.0,3020.0,585.0,38.0,569.0,1834.0,1353.0,1348.0,97.0,40.0,0.288,0.886
1463.0,5101.0,826.0,1325.0,195.0,42.0,275.0,850.0,652.0,733.0,21.0,9.0,0.26,0.821
1418.0,4802.0,640.0,1253.0,204.0,12.0,208.0,782.0,816.0,862.0,8.0,7.0,0.261,0.804
1766.0,4692.0,525.0,1093.0,223.0,12.0,96.0,471.0,592.0,736.0,20.0,19.0,0.233,0.666
1583.0,5980.0,735.0,1596.0,237.0,81.0,91.0,502.0,442.0,647.0,47.0,54.0,0.267,0.695
954.0,3032.0,394.0,778.0,150.0,9.0,97.0,361.0,228.0,736.0,78.0,19.0,0.257,0.719
2951.0,9720.0,1189.0,2716.0,499.0,47.0,292.0,1466.0,1255.0,888.0,47.0,33.0,0.279,0.793
889.0,3058.0,361.0,756.0,115.0,6.0,138.0,457.0,298.0,574.0,2.0,5.0,0.247,0.742
921.0,2695.0,359.0,642.0,92.0,12.0,122.0,373.0,373.0,776.0,30.0,29.0,0.238,0.748
1002.0,3519.0,347.0,874.0,160.0,20.0,62.0,451.0,202.0,407.0,19.0,22.0,0.248,0.65
1032.0,3530.0,482.0,899.0,161.0,19.0,101.0,343.0,344.0,1045.0,239.0,66.0,0.255,0.719
1114.0,3460.0,396.0,812.0,187.0,1.0,136.0,480.0,207.0,638.0,2.0,2.0,0.235,0.691
1920.0,6653.0,1105.0,1665.0,285.0,39.0,291.0,964.0,1224.0,1427.0,225.0,101.0,0.25,0.802
836.0,2595.0,442.0,599.0,105.0,9.0,39.0,193.0,546.0,312.0,52.0,45.0,0.231,0.689
1095.0,4091.0,520.0,1159.0,191.0,59.0,19.0,489.0,378.0,24.0,151.0,29.111971403812824,0.283,0.73
1698.0,6481.0,895.0,1776.0,345.0,40.0,223.0,1022.0,602.0,1369.0,72.0,38.0,0.274,0.779
2410.0,9106.0,1289.0,2884.0,476.0,172.0,132.0,1248.0,650.0,559.0,205.0,49.0,0.317,0.817
834.0,3191.0,475.0,870.0,173.0,24.0,165.0,528.0,240.0,742.0,43.0,20.0,0.273,0.824
2154.0,8302.0,1119.0,2388.0,514.0,22.0,189.0,1046.0,891.0,1230.0,66.0,32.0,0.288,0.78
1286.0,4153.0,505.0,951.0,196.0,2.0,196.0,570.0,552.0,1122.0,3.0,3.0,0.229,0.741
954.0,2569.0,388.0,633.0,91.0,29.0,77.0,283.0,341.0,466.0,62.0,29.0,0.246,0.731
1701.0,4907.0,667.0,1335.0,187.0,52.0,32.0,373.0,467.0,661.0,395.0,139.0,0.272,0.689
1666.0,5940.0,836.0,1658.0,222.0,49.0,114.0,563.0,552.0,383.0,43.0,27.0,0.279,0.733
962.0,2840.0,347.0,820.0,152.0,32.0,29.0,388.0,240.0,119.0,30.0,24.0,0.289,0.741
1278.0,4559.0,802.0,1298.0,281.0,43.0,81.0,404.0,640.0,503.0,285.0,72.0,0.285,0.794
1448.0,4244.0,637.0,1111.0,226.0,43.0,62.0,387.0,267.0,844.0,415.0,108.0,0.262,0.69
1947.0,6042.0,776.0,1513.0,282.0,55.0,134.0,620.0,449.0,877.0,171.0,93.0,0.25,0.684
1414.0,5105.0,592.0,1479.0,322.0,5.0,147.0,728.0,500.0,840.0,5.0,3.0,0.29,0.795
1559.0,5195.0,690.0,1485.0,238.0,57.0,103.0,615.0,467.0,706.0,79.0,61.0,0.286,0.763
3080.0,11421.0,1914.0,3384.0,686.0,16.0,703.0,2218.0,1373.0,1404.0,117.0,43.0,0.296,0.918
1108.0,3928.0,609.0,1104.0,188.0,85.0,95.0,525.0,382.0,380.0,49.0,29.111971403812824,0.281,0.797
1200.0,4262.0,600.0,1091.0,222.0,18.0,154.0,709.0,442.0,584.0,75.0,32.0,0.256,0.749
1852.0,5855.0,601.0,1792.0,277.0,27.0,190.0,990.0,430.0,262.0,8.0,29.111971403812824,0.306,0.818
2992.0,10881.0,2062.0,3283.0,523.0,140.0,660.0,1903.0,1464.0,1526.0,338.0,103.0,0.302,0.941
1500.0,4651.0,610.0,1274.0,190.0,30.0,79.0,476.0,349.0,551.0,104.0,76.0,0.274,0.706
1573.0,6148.0,698.0,1722.0,319.0,40.0,138.0,678.0,338.0,1108.0,89.0,52.0,0.28,0.731
1005.0,3482.0,438.0,917.0,147.0,30.0,86.0,421.0,332.0,525.0,86.0,35.0,0.263,0.727
3308.0,11988.0,1816.0,3419.0,646.0,59.0,452.0,1844.0,1845.0,1393.0,168.0,116.0,0.285,0.841
1688.0,5737.0,943.0,1470.0,251.0,73.0,139.0,578.0,699.0,1245.0,274.0,64.0,0.256,0.74
2442.0,7184.0,931.0,1913.0,307.0,33.0,215.0,1044.0,1052.0,877.0,35.0,33.0,0.266,0.768
1728.0,6394.0,1088.0,1908.0,414.0,27.0,292.0,1041.0,863.0,1417.0,66.0,28.0,0.298,0.895
1305.0,4673.0,733.0,1331.0,266.0,51.0,124.0,660.0,510.0,804.0,74.0,47.0,0.285,0.798
1060.0,2929.0,394.0,746.0,118.0,39.0,26.0,235.0,363.0,661.0,122.0,40.0,0.255,0.686
1614.0,6477.0,1063.0,1817.0,311.0,69.0,113.0,587.0,643.0,910.0,314.0,94.0,0.281,0.748
1175.0,4827.0,942.0,1394.0,257.0,67.0,69.0,497.0,526.0,335.0,44.0,20.0,0.289,0.773
915.0,2665.0,248.0,619.0,104.0,14.0,26.0,240.0,171.0,342.0,49.0,30.0,0.232,0.59
1210.0,4578.0,642.0,1262.0,232.0,15.0,134.0,668.0,377.0,955.0,170.0,51.0,0.276,0.757
908.0,3043.0,364.0,793.0,128.0,69.0,20.0,369.0,298.0,174.0,85.0,17.0,0.261,0.704
1389.0,3966.0,446.0,990.0,206.0,15.0,99.0,479.0,332.0,667.0,19.0,19.0,0.25,0.694
1079.0,3993.0,466.0,1081.0,180.0,30.0,29.0,393.0,189.0,251.0,76.0,54.0,0.271,0.658
1004.0,3422.0,481.0,833.0,141.0,25.0,173.0,520.0,383.0,902.0,52.0,31.0,0.243,0.773
1144.0,4316.0,664.0,1055.0,231.0,21.0,192.0,561.0,488.0,973.0,105.0,36.0,0.244,0.766
1206.0,4240.0,568.0,1189.0,220.0,10.0,160.0,683.0,685.0,558.0,7.0,16.0,0.28,0.83
1691.0,5826.0,786.0,1502.0,252.0,33.0,190.0,812.0,755.0,541.0,40.0,17.0,0.258,0.753
2385.0,9570.0,1391.0,2961.0,458.0,309.0,97.0,1525.0,760.0,104.0,366.0,30.0,0.309,0.814
896.0,2591.0,304.0,604.0,116.0,18.0,19.0,203.0,198.0,490.0,67.0,25.0,0.233,0.608
1119.0,3632.0,471.0,967.0,141.0,25.0,38.0,357.0,364.0,586.0,50.0,30.0,0.266,0.688
1109.0,3443.0,467.0,912.0,147.0,17.0,163.0,563.0,180.0,658.0,22.0,25.0,0.265,0.766
1334.0,4266.0,501.0,1046.0,183.0,21.0,137.0,547.0,408.0,842.0,17.0,28.0,0.245,0.71
900.0,2941.0,374.0,703.0,94.0,14.0,131.0,421.0,382.0,577.0,53.0,30.0,0.239,0.739
989.0,3182.0,361.0,834.0,205.0,4.0,87.0,406.0,303.0,772.0,5.0,5.0,0.262,0.74
1312.0,4206.0,562.0,1068.0,166.0,33.0,91.0,533.0,646.0,430.0,42.0,9.0,0.254,0.728
1930.0,6688.0,867.0,1931.0,301.0,129.0,27.0,934.0,654.0,282.0,165.0,68.0,0.289,0.739
1710.0,6552.0,907.0,1594.0,251.0,94.0,47.0,797.0,408.0,288.0,235.0,29.111971403812824,0.243,0.621
847.0,2693.0,317.0,659.0,111.0,5.0,121.0,370.0,248.0,670.0,14.0,6.0,0.245,0.734
1278.0,4505.0,737.0,1200.0,240.0,30.0,222.0,754.0,636.0,1216.0,95.0,17.0,0.266,0.841
2283.0,8046.0,1108.0,2256.0,453.0,90.0,108.0,1071.0,958.0,850.0,70.0,55.0,0.28,0.764
1005.0,2960.0,317.0,618.0,117.0,4.0,96.0,325.0,260.0,861.0,3.0,5.0,0.209,0.634
837.0,2727.0,379.0,648.0,139.0,15.0,78.0,313.0,305.0,502.0,46.0,14.0,0.238,0.707
1335.0,5427.0,809.0,1615.0,258.0,53.0,79.0,513.0,348.0,247.0,46.0,29.111971403812824,0.298,0.752
2830.0,9908.0,1299.0,2866.0,488.0,49.0,384.0,1628.0,1062.0,1441.0,34.0,34.0,0.289,0.821
1362.0,4479.0,558.0,1170.0,245.0,14.0,169.0,594.0,371.0,891.0,42.0,23.0,0.261,0.758
1575.0,5606.0,874.0,1339.0,238.0,35.0,134.0,601.0,1043.0,827.0,61.0,31.0,0.239,0.727
988.0,3077.0,485.0,831.0,130.0,24.0,28.0,214.0,477.0,195.0,77.0,33.0,0.27,0.724
1155.0,3881.0,578.0,853.0,148.0,13.0,230.0,600.0,575.0,1409.0,43.0,31.0,0.22,0.766
1329.0,4069.0,393.0,998.0,190.0,15.0,59.0,436.0,320.0,450.0,6.0,22.0,0.245,0.644
1458.0,5373.0,664.0,1542.0,316.0,27.0,100.0,609.0,385.0,676.0,40.0,28.0,0.287,0.747
1302.0,4254.0,487.0,1065.0,209.0,25.0,140.0,598.0,230.0,663.0,13.0,12.0,0.25,0.698
1988.0,6489.0,667.0,1687.0,298.0,27.0,107.0,708.0,455.0,846.0,80.0,63.0,0.26,0.673
1371.0,5134.0,601.0,1387.0,249.0,17.0,115.0,590.0,263.0,650.0,143.0,63.0,0.27,0.699
2507.0,8951.0,1130.0,2280.0,443.0,39.0,360.0,1341.0,634.0,1602.0,96.0,65.0,0.255,0.742
917.0,2708.0,362.0,781.0,142.0,21.0,32.0,266.0,318.0,307.0,43.0,38.0,0.288,0.756
1908.0,6144.0,865.0,1694.0,273.0,57.0,203.0,890.0,687.0,741.0,38.0,40.0,0.276,0.79
1168.0,3059.0,474.0,780.0,183.0,18.0,85.0,365.0,180.0,530.0,106.0,57.0,0.255,0.711
1099.0,3740.0,476.0,958.0,191.0,16.0,115.0,488.0,457.0,704.0,59.0,20.0,0.256,0.745
1321.0,4563.0,640.0,1252.0,159.0,82.0,32.0,482.0,395.0,156.0,316.0,15.0,0.274,0.703
1106.0,3125.0,373.0,727.0,126.0,9.0,121.0,396.0,482.0,496.0,24.0,22.0,0.233,0.732
1141.0,3404.0,357.0,815.0,140.0,21.0,73.0,351.0,370.0,424.0,13.0,16.0,0.239,0.671
1390.0,5796.0,994.0,1530.0,206.0,68.0,29.0,883.0,197.0,84.0,419.0,29.111971403812824,0.264,0.631
1120.0,3535.0,507.0,975.0,186.0,43.0,61.0,456.0,415.0,382.0,33.0,33.0,0.276,0.762
1317.0,4711.0,553.0,1165.0,259.0,6.0,203.0,635.0,378.0,874.0,21.0,10.0,0.247,0.742
2173.0,7898.0,1185.0,2352.0,433.0,159.0,71.0,1034.0,965.0,478.0,213.0,92.0,0.298,0.798
2226.0,7817.0,777.0,2168.0,408.0,7.0,176.0,1022.0,542.0,922.0,71.0,37.0,0.277,0.726
1407.0,4522.0,691.0,1187.0,217.0,33.0,122.0,513.0,569.0,937.0,65.0,41.0,0.262,0.76
2504.0,8399.0,2174.0,2873.0,506.0,136.0,714.0,2213.0,2062.0,1330.0,123.0,117.0,0.342,1.164
2671.0,9801.0,1662.0,2781.0,524.0,38.0,630.0,1836.0,1312.0,1779.0,184.0,69.0,0.284,0.908
1578.0,6305.0,986.0,1935.0,379.0,29.0,192.0,696.0,509.0,840.0,279.0,81.0,0.307,0.83
943.0,3570.0,463.0,1014.0,202.0,15.0,108.0,490.0,140.0,464.0,16.0,12.0,0.284,0.761
1137.0,4045.0,471.0,1056.0,174.0,37.0,82.0,569.0,390.0,401.0,18.0,11.0,0.261,0.712
1093.0,4040.0,494.0,1069.0,196.0,33.0,20.0,493.0,309.0,241.0,34.0,31.0,0.265,0.662
1531.0,4940.0,760.0,1229.0,247.0,22.0,228.0,760.0,692.0,1053.0,231.0,77.0,0.249,0.786
1237.0,4521.0,500.0,1239.0,177.0,41.0,41.0,432.0,207.0,348.0,75.0,54.0,0.274,0.665
3026.0,11336.0,1627.0,3255.0,560.0,35.0,504.0,1917.0,1333.0,1516.0,110.0,43.0,0.287,0.835
1344.0,4777.0,366.0,1243.0,243.0,12.0,68.0,548.0,184.0,518.0,10.0,14.0,0.26,0.649
1079.0,3906.0,563.0,1096.0,178.0,41.0,42.0,312.0,333.0,630.0,309.0,104.0,0.281,0.718
1491.0,4979.0,474.0,1313.0,244.0,12.0,113.0,628.0,365.0,855.0,6.0,15.0,0.264,0.7
1482.0,5169.0,1041.0,1652.0,333.0,64.0,119.0,832.0,857.0,217.0,64.0,46.0,0.32,0.897
1141.0,3586.0,393.0,969.0,150.0,17.0,104.0,449.0,421.0,470.0,13.0,12.0,0.27,0.758
899.0,3246.0,446.0,911.0,138.0,18.0,17.0,257.0,285.0,383.0,121.0,49.0,0.281,0.691
1125.0,3606.0,522.0,914.0,187.0,13.0,121.0,494.0,475.0,898.0,33.0,21.0,0.253,0.764
940.0,2693.0,300.0,664.0,107.0,28.0,40.0,244.0,191.0,398.0,80.0,58.0,0.247,0.649
1553.0,5390.0,653.0,1352.0,237.0,22.0,210.0,773.0,661.0,926.0,10.0,22.0,0.251,0.752
2576.0,9217.0,1636.0,2689.0,467.0,27.0,509.0,1676.0,1475.0,1171.0,253.0,104.0,0.292,0.907
1835.0,6579.0,1136.0,1963.0,336.0,83.0,186.0,1023.0,814.0,584.0,205.0,130.0,0.298,0.848
1077.0,3893.0,503.0,999.0,180.0,27.0,134.0,530.0,254.0,612.0,37.0,16.0,0.257,0.728
1689.0,6556.0,1061.0,1936.0,388.0,25.0,434.0,1404.0,457.0,1273.0,26.0,19.0,0.295,0.904
2466.0,9358.0,1272.0,2712.0,526.0,75.0,339.0,1493.0,683.0,1537.0,154.0,113.0,0.29,0.81
1478.0,5442.0,724.0,1432.0,277.0,37.0,181.0,711.0,387.0,1402.0,181.0,56.0,0.263,0.742
1862.0,6936.0,1099.0,1862.0,408.0,18.0,409.0,1298.0,918.0,1441.0,26.0,7.0,0.268,0.869
2385.0,9570.0,1391.0,2961.0,458.0,309.0,97.0,1525.0,760.0,104.0,366.0,30.0,0.309,0.814
1434.0,5586.0,927.0,1747.0,370.0,52.0,229.0,936.0,403.0,554.0,95.0,31.0,0.313,0.882
1763.0,6487.0,984.0,1779.0,363.0,25.0,325.0,1072.0,597.0,1308.0,46.0,26.0,0.274,0.826
1185.0,4337.0,600.0,1145.0,219.0,31.0,90.0,439.0,445.0,913.0,124.0,58.0,0.264,0.724
971.0,2824.0,305.0,633.0,84.0,27.0,36.0,284.0,361.0,453.0,12.0,10.0,0.224,0.624
1437.0,5249.0,817.0,1386.0,272.0,11.0,380.0,974.0,698.0,1697.0,42.0,15.0,0.264,0.891
1036.0,3841.0,421.0,1005.0,215.0,11.0,92.0,480.0,150.0,471.0,25.0,17.0,0.262,0.687
1537.0,4877.0,605.0,1334.0,186.0,76.0,107.0,550.0,353.0,793.0,92.0,56.0,0.274,0.731
2627.0,9927.0,1373.0,2774.0,503.0,98.0,438.0,1591.0,589.0,1509.0,314.0,109.0,0.279,0.805
1170.0,4172.0,664.0,1301.0,214.0,71.0,24.0,397.0,497.0,261.0,58.0,31.0,0.312,0.8
1257.0,4826.0,757.0,1397.0,258.0,51.0,142.0,566.0,278.0,1052.0,316.0,94.0,0.289,0.798
1523.0,4549.0,650.0,1303.0,207.0,42.0,91.0,458.0,372.0,657.0,185.0,86.0,0.286,0.749
872.0,2910.0,367.0,644.0,139.0,12.0,98.0,316.0,242.0,943.0,64.0,24.0,0.221,0.675
1026.0,3120.0,314.0,799.0,106.0,30.0,91.0,387.0,185.0,693.0,14.0,7.0,0.256,0.695
1683.0,6277.0,1006.0,1541.0,260.0,65.0,98.0,649.0,792.0,799.0,113.0,62.0,0.245,0.695
2152.0,8142.0,1200.0,2327.0,436.0,29.0,140.0,923.0,718.0,1182.0,294.0,108.0,0.286,0.741
1296.0,4720.0,612.0,1252.0,232.0,46.0,61.0,541.0,624.0,639.0,44.0,44.0,0.265,0.726
1405.0,5066.0,690.0,1531.0,322.0,12.0,130.0,735.0,477.0,577.0,18.0,8.0,0.302,0.814
834.0,2790.0,416.0,702.0,173.0,6.0,154.0,491.0,298.0,516.0,16.0,9.0,0.252,0.831
1575.0,5984.0,887.0,1838.0,315.0,103.0,96.0,987.0,473.0,182.0,235.0,28.0,0.307,0.805
1582.0,4159.0,516.0,1197.0,218.0,13.0,42.0,495.0,718.0,546.0,11.0,11.0,0.288,0.767
813.0,2805.0,410.0,808.0,137.0,24.0,101.0,518.0,274.0,319.0,5.0,29.111971403812824,0.288,0.818
1082.0,3892.0,483.0,1112.0,222.0,8.0,80.0,481.0,266.0,295.0,20.0,19.0,0.286,0.746
2189.0,8422.0,1170.0,2184.0,432.0,53.0,396.0,1445.0,527.0,1387.0,231.0,66.0,0.259,0.77
1591.0,5805.0,711.0,1526.0,232.0,108.0,32.0,715.0,391.0,454.0,177.0,30.0,0.263,0.671
2372.0,8857.0,1296.0,2452.0,498.0,39.0,353.0,1391.0,661.0,1741.0,195.0,99.0,0.277,0.792
814.0,2691.0,368.0,678.0,146.0,9.0,115.0,433.0,188.0,588.0,19.0,18.0,0.252,0.742
1820.0,5379.0,633.0,1453.0,204.0,47.0,36.0,480.0,378.0,729.0,74.0,62.0,0.27,0.664
2287.0,8656.0,1482.0,2735.0,500.0,173.0,248.0,1609.0,949.0,585.0,175.0,89.0,0.316,0.887
2405.0,8995.0,1151.0,2514.0,425.0,56.0,201.0,1106.0,836.0,776.0,55.0,79.0,0.279,0.747
1011.0,3568.0,444.0,1004.0,202.0,47.0,110.0,487.0,295.0,766.0,33.0,16.0,0.281,0.796
1122.0,3575.0,477.0,848.0,160.0,7.0,178.0,534.0,621.0,994.0,12.0,7.0,0.237,0.786
1547.0,5262.0,580.0,1379.0,251.0,16.0,144.0,740.0,420.0,918.0,47.0,31.0,0.262,0.714
1372.0,2751.0,374.0,717.0,170.0,18.0,97.0,430.0,385.0,698.0,38.0,20.0,0.261,0.792
991.0,3091.0,409.0,832.0,132.0,34.0,101.0,403.0,268.0,572.0,52.0,22.0,0.269,0.761
1533.0,5348.0,960.0,1515.0,243.0,52.0,253.0,970.0,871.0,1011.0,47.0,36.0,0.283,0.876
1325.0,3569.0,445.0,972.0,226.0,17.0,73.0,435.0,460.0,555.0,15.0,12.0,0.272,0.761
1583.0,5418.0,898.0,1401.0,256.0,38.0,335.0,1000.0,816.0,1352.0,221.0,99.0,0.259,0.862
1941.0,6677.0,901.0,1575.0,240.0,25.0,442.0,1210.0,608.0,1816.0,85.0,49.0,0.236,0.78
879.0,2682.0,269.0,715.0,148.0,10.0,58.0,323.0,196.0,361.0,7.0,10.0,0.267,0.711
2490.0,9736.0,1668.0,2769.0,522.0,109.0,235.0,1139.0,1003.0,1257.0,408.0,103.0,0.284,0.785
1299.0,5335.0,849.0,1619.0,217.0,73.0,18.0,756.0,292.0,215.0,46.0,29.111971403812824,0.303,0.726
1960.0,7040.0,1099.0,1832.0,370.0,10.0,424.0,1261.0,903.0,1426.0,61.0,14.0,0.26,0.846
1452.0,5308.0,710.0,1572.0,371.0,29.0,138.0,735.0,364.0,709.0,68.0,25.0,0.296,0.796
1002.0,3303.0,419.0,887.0,125.0,20.0,77.0,399.0,266.0,410.0,17.0,10.0,0.269,0.716
1108.0,3042.0,333.0,776.0,150.0,7.0,87.0,396.0,268.0,539.0,3.0,12.0,0.255,0.708
911.0,3019.0,333.0,827.0,151.0,8.0,92.0,449.0,177.0,429.0,13.0,7.0,0.274,0.734
847.0,3128.0,367.0,847.0,203.0,5.0,104.0,476.0,189.0,559.0,11.0,4.0,0.271,0.755
1566.0,5707.0,914.0,1530.0,264.0,52.0,253.0,975.0,759.0,702.0,89.0,60.0,0.268,0.823
1640.0,5503.0,767.0,1393.0,299.0,16.0,292.0,976.0,932.0,1564.0,7.0,3.0,0.253,0.833
928.0,2581.0,285.0,624.0,87.0,24.0,73.0,344.0,299.0,647.0,20.0,14.0,0.242,0.703
2072.0,7030.0,1105.0,1921.0,295.0,48.0,370.0,1274.0,943.0,1137.0,63.0,31.0,0.273,0.846
904.0,3402.0,434.0,1012.0,215.0,17.0,48.0,371.0,180.0,420.0,13.0,9.0,0.297,0.748
2023.0,7111.0,1009.0,1925.0,365.0,21.0,339.0,1271.0,780.0,1069.0,27.0,20.0,0.271,0.815
2109.0,7346.0,1215.0,1863.0,337.0,56.0,139.0,683.0,1614.0,920.0,72.0,66.0,0.254,0.765
1052.0,3060.0,352.0,714.0,155.0,9.0,105.0,397.0,528.0,1068.0,8.0,8.0,0.233,0.741
1862.0,7158.0,1007.0,2074.0,332.0,40.0,151.0,874.0,553.0,719.0,224.0,104.0,0.29,0.754
2053.0,7318.0,1041.0,2105.0,451.0,21.0,281.0,1269.0,892.0,1166.0,141.0,73.0,0.288,0.833
1183.0,4058.0,619.0,1107.0,250.0,13.0,213.0,731.0,598.0,976.0,11.0,7.0,0.273,0.874
1546.0,5099.0,664.0,1307.0,306.0,14.0,193.0,757.0,614.0,1216.0,25.0,18.0,0.256,0.776
1581.0,5530.0,781.0,1422.0,269.0,39.0,159.0,641.0,644.0,1101.0,118.0,40.0,0.257,0.745
1069.0,3403.0,420.0,807.0,187.0,7.0,80.0,351.0,266.0,670.0,35.0,20.0,0.237,0.667
1162.0,3715.0,528.0,1005.0,187.0,21.0,186.0,586.0,270.0,845.0,96.0,38.0,0.271,0.803
2436.0,8673.0,1240.0,2380.0,424.0,30.0,350.0,1372.0,1194.0,1698.0,142.0,98.0,0.274,0.811
1370.0,4123.0,397.0,1010.0,183.0,13.0,90.0,513.0,461.0,622.0,7.0,10.0,0.245,0.681
1086.0,3740.0,491.0,949.0,170.0,33.0,105.0,480.0,296.0,635.0,86.0,56.0,0.254,0.709
1288.0,4048.0,533.0,1109.0,190.0,39.0,94.0,419.0,282.0,481.0,59.0,34.0,0.274,0.733
857.0,2694.0,309.0,724.0,133.0,17.0,81.0,411.0,214.0,402.0,22.0,16.0,0.269,0.745
2243.0,8143.0,1138.0,2254.0,365.0,67.0,342.0,1331.0,1109.0,1343.0,35.0,41.0,0.277,0.826
1048.0,3729.0,549.0,1009.0,221.0,33.0,162.0,538.0,286.0,853.0,85.0,40.0,0.271,0.807
2777.0,9778.0,1272.0,2732.0,505.0,79.0,379.0,1652.0,925.0,1867.0,49.0,33.0,0.279,0.804
1612.0,5258.0,688.0,1376.0,243.0,38.0,34.0,510.0,514.0,541.0,99.0,58.0,0.262,0.674
1088.0,3108.0,351.0,819.0,191.0,12.0,90.0,455.0,353.0,450.0,50.0,40.0,0.264,0.756
1439.0,4481.0,682.0,1252.0,218.0,71.0,26.0,530.0,714.0,99.0,212.0,3.0,0.279,0.763
2155.0,7402.0,1115.0,1954.0,307.0,40.0,195.0,918.0,1154.0,868.0,238.0,94.0,0.264,0.76
1160.0,8591.0,1719.0,2932.0,241.0,145.0,33.0,810.0,524.0,36.0,495.0,29.111971403812824,0.341,0.803
1129.0,3449.0,331.0,803.0,108.0,13.0,47.0,254.0,317.0,414.0,22.0,23.0,0.233,0.613
830.0,2933.0,364.0,710.0,155.0,10.0,106.0,379.0,246.0,676.0,12.0,11.0,0.242,0.714
1978.0,7141.0,1064.0,2061.0,382.0,94.0,170.0,1195.0,967.0,604.0,60.0,2.0,0.289,0.815
2368.0,9049.0,1189.0,2743.0,529.0,77.0,219.0,1326.0,535.0,756.0,84.0,64.0,0.303,0.795
890.0,3506.0,541.0,980.0,199.0,31.0,44.0,417.0,376.0,299.0,63.0,47.0,0.28,0.743
1284.0,4233.0,546.0,1043.0,194.0,21.0,206.0,655.0,360.0,1277.0,33.0,26.0,0.246,0.758
1383.0,4937.0,777.0,1447.0,279.0,102.0,194.0,887.0,593.0,670.0,56.0,47.0,0.293,0.879
1512.0,5532.0,861.0,1620.0,270.0,10.0,328.0,1064.0,725.0,1429.0,30.0,18.0,0.293,0.906
2016.0,5784.0,676.0,1316.0,175.0,33.0,20.0,389.0,576.0,839.0,167.0,75.0,0.228,0.58
1484.0,5045.0,685.0,1377.0,328.0,24.0,114.0,601.0,488.0,797.0,43.0,28.0,0.273,0.753
1852.0,6292.0,844.0,1796.0,264.0,62.0,213.0,976.0,561.0,477.0,38.0,13.0,0.285,0.799
1654.0,6890.0,1227.0,2083.0,272.0,158.0,67.0,1124.0,635.0,158.0,323.0,29.111971403812824,0.302,0.781
1803.0,6390.0,747.0,1687.0,310.0,133.0,22.0,709.0,331.0,405.0,225.0,83.0,0.264,0.67
1539.0,5853.0,974.0,1726.0,389.0,21.0,381.0,1239.0,683.0,961.0,88.0,41.0,0.295,0.933
2000.0,7232.0,1253.0,2107.0,402.0,63.0,352.0,1206.0,793.0,1340.0,181.0,84.0,0.291,0.873
1503.0,5244.0,651.0,1407.0,216.0,41.0,93.0,547.0,451.0,472.0,19.0,13.0,0.268,0.708
2035.0,7283.0,1241.0,2038.0,483.0,18.0,473.0,1512.0,1109.0,1745.0,14.0,8.0,0.28,0.929
1279.0,3614.0,359.0,951.0,178.0,8.0,38.0,403.0,370.0,580.0,18.0,27.0,0.263,0.68
1573.0,5579.0,740.0,1534.0,311.0,39.0,159.0,710.0,382.0,1234.0,56.0,31.0,0.275,0.759
1016.0,3133.0,419.0,742.0,159.0,17.0,160.0,473.0,328.0,968.0,11.0,11.0,0.237,0.766
1221.0,3642.0,404.0,964.0,144.0,11.0,102.0,454.0,314.0,616.0,30.0,27.0,0.265,0.718
846.0,2790.0,503.0,810.0,131.0,41.0,108.0,576.0,486.0,319.0,49.0,32.0,0.29,0.883
969.0,2707.0,360.0,707.0,97.0,10.0,89.0,330.0,256.0,352.0,27.0,10.0,0.261,0.732
1127.0,3984.0,555.0,1244.0,169.0,61.0,41.0,403.0,346.0,119.0,45.0,47.0,0.312,0.784
970.0,3316.0,461.0,858.0,113.0,38.0,87.0,391.0,337.0,557.0,48.0,36.0,0.259,0.723
1011.0,3782.0,473.0,1040.0,167.0,44.0,31.0,497.0,338.0,283.0,30.0,30.0,0.275,0.706
2298.0,8498.0,1320.0,2461.0,560.0,47.0,377.0,1518.0,801.0,1522.0,94.0,60.0,0.29,0.856
1736.0,6821.0,1390.0,2214.0,389.0,131.0,361.0,1537.0,790.0,369.0,30.0,9.0,0.325,0.977
847.0,2914.0,293.0,745.0,102.0,19.0,94.0,419.0,156.0,562.0,17.0,14.0,0.256,0.695
1472.0,5205.0,971.0,1451.0,216.0,39.0,369.0,1015.0,1011.0,749.0,22.0,2.0,0.279,0.946
1075.0,4002.0,639.0,1138.0,279.0,16.0,156.0,636.0,500.0,719.0,47.0,16.0,0.284,0.846
1453.0,5131.0,727.0,1366.0,220.0,39.0,84.0,497.0,709.0,600.0,209.0,93.0,0.266,0.727
2550.0,9459.0,1627.0,3152.0,605.0,191.0,113.0,1309.0,1091.0,376.0,104.0,0.0,0.333,0.877
1022.0,3695.0,565.0,1058.0,179.0,43.0,78.0,376.0,432.0,718.0,155.0,62.0,0.286,0.79
1085.0,3484.0,459.0,976.0,162.0,49.0,68.0,428.0,386.0,677.0,79.0,58.0,0.28,0.765
1324.0,4417.0,733.0,1087.0,219.0,33.0,161.0,474.0,533.0,1230.0,132.0,32.0,0.246,0.764
1747.0,5867.0,651.0,1705.0,305.0,41.0,102.0,766.0,368.0,541.0,32.0,41.0,0.291,0.742
1230.0,4171.0,571.0,1050.0,197.0,34.0,118.0,431.0,206.0,933.0,218.0,64.0,0.252,0.69
932.0,2827.0,347.0,793.0,110.0,18.0,19.0,229.0,162.0,294.0,30.0,18.0,0.281,0.672
1646.0,6029.0,861.0,1779.0,385.0,66.0,68.0,789.0,796.0,309.0,51.0,50.0,0.295,0.795
1822.0,6309.0,714.0,1660.0,254.0,25.0,54.0,593.0,396.0,489.0,74.0,68.0,0.263,0.643
1472.0,4364.0,536.0,1127.0,229.0,29.0,166.0,641.0,263.0,820.0,71.0,49.0,0.258,0.738
1279.0,4800.0,473.0,1146.0,192.0,89.0,40.0,550.0,161.0,705.3669510842359,89.0,0.606,0.239,0.6060000000000001
1104.0,2983.0,443.0,799.0,176.0,16.0,82.0,386.0,269.0,480.0,77.0,30.0,0.268,0.749
829.0,2575.0,294.0,628.0,114.0,13.0,77.0,358.0,236.0,636.0,36.0,27.0,0.244,0.699
2042.0,6681.0,889.0,1776.0,270.0,11.0,339.0,1187.0,1001.0,1226.0,20.0,21.0,0.266,0.823
894.0,3166.0,380.0,881.0,169.0,15.0,123.0,474.0,180.0,462.0,59.0,37.0,0.278,0.773
2030.0,6754.0,990.0,1977.0,347.0,99.0,95.0,920.0,820.0,598.0,65.0,0.0,0.293,0.788
1377.0,4530.0,520.0,1236.0,249.0,10.0,112.0,588.0,212.0,499.0,25.0,24.0,0.273,0.715
1229.0,3468.0,420.0,917.0,164.0,31.0,47.0,417.0,410.0,311.0,45.0,1.0,0.264,0.714
938.0,3421.0,503.0,990.0,213.0,42.0,83.0,599.0,221.0,377.0,42.0,23.0,0.289,0.783
2700.0,8986.0,1193.0,2225.0,328.0,28.0,390.0,1314.0,1088.0,1209.0,32.0,36.0,0.248,0.75
1555.0,4390.0,653.0,1060.0,179.0,20.0,201.0,674.0,984.0,998.0,36.0,42.0,0.241,0.817
2488.0,8723.0,993.0,2326.0,389.0,48.0,101.0,950.0,736.0,1186.0,321.0,109.0,0.267,0.679
1171.0,3604.0,329.0,933.0,175.0,35.0,30.0,409.0,301.0,221.0,18.0,34.0,0.259,0.671
1097.0,4085.0,532.0,1018.0,182.0,11.0,218.0,629.0,299.0,1097.0,23.0,14.0,0.249,0.761
1257.0,4763.0,539.0,1278.0,238.0,11.0,223.0,732.0,181.0,915.0,6.0,1.0,0.268,0.764
2076.0,7869.0,1366.0,2336.0,449.0,55.0,287.0,1257.0,1069.0,1212.0,147.0,87.0,0.297,0.858
888.0,2866.0,339.0,782.0,109.0,34.0,29.0,341.0,243.0,165.0,29.0,4.0,0.273,0.697
1473.0,4702.0,573.0,1341.0,240.0,40.0,173.0,812.0,309.0,357.0,18.0,1.0,0.285,0.796
1359.0,3761.0,491.0,1029.0,156.0,37.0,47.0,357.0,336.0,635.0,214.0,66.0,0.274,0.707
2028.0,7298.0,873.0,1993.0,284.0,40.0,325.0,1163.0,620.0,1313.0,20.0,38.0,0.273,0.789
1121.0,4294.0,932.0,1333.0,244.0,69.0,62.0,755.0,621.0,213.0,224.0,29.111971403812824,0.31,0.85
1363.0,4856.0,584.0,1289.0,257.0,7.0,213.0,740.0,417.0,978.0,6.0,15.0,0.265,0.78
1328.0,4003.0,362.0,1039.0,147.0,81.0,25.0,455.0,264.0,285.0,87.0,25.0,0.26,0.662
1034.0,3740.0,620.0,1118.0,186.0,63.0,48.0,506.0,376.0,194.0,59.0,55.0,0.299,0.789
1038.0,2877.0,298.0,743.0,166.0,26.0,26.0,298.0,314.0,382.0,31.0,9.0,0.258,0.695
2808.0,10006.0,1829.0,2943.0,528.0,72.0,586.0,1812.0,1420.0,1532.0,204.0,77.0,0.294,0.926
1362.0,4648.0,594.0,1273.0,192.0,57.0,159.0,682.0,379.0,1140.0,90.0,57.0,0.274,0.77
937.0,3320.0,426.0,921.0,167.0,25.0,89.0,526.0,480.0,199.0,22.0,13.0,0.277,0.794
1584.0,5534.0,704.0,1494.0,276.0,68.0,108.0,717.0,389.0,659.0,120.0,75.0,0.27,0.722
1205.0,4007.0,594.0,1064.0,194.0,28.0,210.0,699.0,331.0,813.0,19.0,13.0,0.266,0.808
1075.0,2978.0,355.0,832.0,128.0,17.0,131.0,499.0,247.0,414.0,7.0,4.0,0.279,0.803
1125.0,3783.0,518.0,1052.0,148.0,29.0,170.0,578.0,380.0,573.0,17.0,17.0,0.278,0.812
1046.0,3437.0,406.0,916.0,168.0,39.0,80.0,544.0,311.0,342.0,15.0,14.0,0.267,0.736
1271.0,2945.0,372.0,799.0,142.0,30.0,49.0,380.0,308.0,316.0,44.0,18.0,0.271,0.729
990.0,3492.0,362.0,946.0,151.0,2.0,136.0,534.0,245.0,638.0,1.0,3.0,0.271,0.75
1261.0,4582.0,553.0,1214.0,222.0,47.0,38.0,480.0,369.0,427.0,60.0,1.0,0.265,0.681
1610.0,6056.0,937.0,1651.0,241.0,102.0,94.0,545.0,482.0,793.0,207.0,89.0,0.273,0.721
1212.0,3581.0,432.0,915.0,128.0,15.0,155.0,540.0,545.0,577.0,17.0,18.0,0.256,0.784
1139.0,3526.0,420.0,888.0,183.0,8.0,107.0,415.0,261.0,812.0,44.0,28.0,0.252,0.709
853.0,3508.0,744.0,979.0,142.0,57.0,30.0,410.0,317.0,228.0,291.0,29.111971403812824,0.279,0.73
1903.0,7254.0,985.0,2063.0,358.0,69.0,288.0,1284.0,597.0,719.0,45.0,19.0,0.284,0.812
1797.0,5587.0,830.0,1585.0,257.0,63.0,147.0,830.0,921.0,477.0,29.0,45.0,0.284,0.817
950.0,3104.0,330.0,796.0,173.0,15.0,66.0,308.0,246.0,589.0,13.0,11.0,0.256,0.701
1098.0,3689.0,457.0,901.0,145.0,20.0,105.0,428.0,449.0,516.0,13.0,7.0,0.244,0.707
1119.0,3734.0,624.0,1035.0,171.0,41.0,30.0,294.0,380.0,336.0,117.0,60.0,0.277,0.717
916.0,3229.0,518.0,925.0,162.0,32.0,106.0,529.0,369.0,332.0,19.0,29.111971403812824,0.286,0.821
1366.0,4117.0,601.0,1041.0,170.0,43.0,139.0,507.0,663.0,784.0,64.0,49.0,0.253,0.771
2234.0,7592.0,1139.0,2239.0,500.0,13.0,255.0,1230.0,1275.0,1016.0,11.0,14.0,0.295,0.863
1000.0,3347.0,500.0,882.0,146.0,28.0,25.0,241.0,243.0,581.0,260.0,61.0,0.264,0.659
1013.0,3202.0,420.0,794.0,141.0,6.0,110.0,462.0,434.0,469.0,41.0,18.0,0.248,0.737
1106.0,3585.0,489.0,933.0,180.0,31.0,82.0,379.0,312.0,636.0,117.0,36.0,0.26,0.73
1212.0,3802.0,453.0,972.0,193.0,26.0,71.0,442.0,408.0,602.0,34.0,26.0,0.256,0.702
1069.0,3230.0,349.0,795.0,125.0,15.0,32.0,270.0,348.0,341.0,11.0,19.0,0.246,0.641
839.0,3088.0,408.0,764.0,158.0,24.0,87.0,305.0,219.0,549.0,21.0,4.0,0.247,0.699
1103.0,4300.0,614.0,1176.0,119.0,55.0,18.0,303.0,259.0,1.0,190.0,29.111971403812824,0.273,0.657
2543.0,8422.0,1583.0,2328.0,451.0,26.0,612.0,1699.0,1747.0,2548.0,19.0,20.0,0.276,0.956
1919.0,5795.0,795.0,1599.0,238.0,72.0,91.0,580.0,567.0,893.0,183.0,94.0,0.276,0.73
1386.0,5574.0,853.0,1653.0,315.0,41.0,115.0,580.0,504.0,684.0,196.0,71.0,0.297,0.79
1459.0,5304.0,695.0,1566.0,275.0,105.0,58.0,796.0,242.0,404.0,175.0,33.0,0.295,0.75
1740.0,6297.0,986.0,1840.0,334.0,115.0,178.0,1191.0,869.0,864.0,148.0,79.0,0.292,0.847
1045.0,3257.0,521.0,803.0,191.0,19.0,101.0,333.0,366.0,639.0,133.0,24.0,0.247,0.742
1290.0,4900.0,701.0,1521.0,250.0,93.0,106.0,819.0,269.0,199.0,113.0,53.0,0.31,0.812
2313.0,8258.0,1062.0,2326.0,440.0,42.0,188.0,1153.0,640.0,839.0,141.0,84.0,0.282,0.745
2466.0,9363.0,1545.0,2665.0,419.0,159.0,70.0,800.0,1040.0,695.0,738.0,92.0,0.285,0.747
853.0,2533.0,314.0,786.0,155.0,58.0,29.0,376.0,217.0,165.0,29.0,16.0,0.31,0.824
956.0,6795.0,1055.0,1999.0,352.0,116.0,65.0,983.0,426.0,32.0,194.0,29.111971403812824,0.294,0.752
1834.0,6499.0,1062.0,1661.0,338.0,67.0,210.0,761.0,960.0,1190.0,315.0,100.0,0.256,0.787
907.0,2875.0,306.0,737.0,162.0,12.0,56.0,339.0,222.0,544.0,19.0,17.0,0.256,0.694
2527.0,8677.0,1285.0,2586.0,407.0,54.0,173.0,1194.0,917.0,1341.0,281.0,107.0,0.298,0.782
1043.0,3502.0,324.0,916.0,167.0,20.0,66.0,421.0,218.0,381.0,14.0,15.0,0.262,0.682
1171.0,3552.0,503.0,911.0,155.0,56.0,83.0,422.0,365.0,523.0,160.0,70.0,0.256,0.73
1399.0,4796.0,709.0,1278.0,200.0,19.0,288.0,876.0,561.0,714.0,11.0,4.0,0.266,0.843
1146.0,3888.0,544.0,1001.0,200.0,8.0,141.0,531.0,348.0,699.0,57.0,30.0,0.257,0.745
872.0,2644.0,277.0,601.0,103.0,33.0,61.0,305.0,257.0,541.0,4.0,0.0,0.227,0.66
1753.0,6148.0,934.0,1838.0,347.0,101.0,75.0,838.0,696.0,540.0,53.0,56.0,0.299,0.796
1996.0,7959.0,1355.0,2143.0,266.0,172.0,63.0,810.0,820.0,278.0,361.0,14.0,0.269,0.71
1328.0,4914.0,665.0,1544.0,265.0,78.0,27.0,657.0,402.0,291.0,23.0,32.0,0.314,0.786
3562.0,14053.0,2165.0,4256.0,746.0,135.0,160.0,1314.0,1566.0,1143.0,198.0,149.0,0.303,0.784
1512.0,6031.0,922.0,1805.0,394.0,15.0,140.0,725.0,624.0,654.0,138.0,46.0,0.299,0.804
1421.0,5085.0,469.0,1268.0,210.0,44.0,49.0,541.0,288.0,456.0,19.0,28.0,0.249,0.627
1785.0,7003.0,1007.0,2153.0,442.0,20.0,222.0,1099.0,588.0,444.0,14.0,9.0,0.307,0.829
1353.0,5188.0,604.0,1502.0,294.0,36.0,53.0,594.0,353.0,329.0,80.0,49.0,0.29,0.724
1009.0,3915.0,719.0,1053.0,178.0,18.0,221.0,585.0,487.0,967.0,66.0,34.0,0.269,0.85
1491.0,4466.0,480.0,1142.0,143.0,65.0,42.0,377.0,227.0,406.0,58.0,32.0,0.256,0.636
1148.0,4240.0,627.0,1196.0,194.0,49.0,40.0,343.0,288.0,292.0,116.0,67.0,0.282,0.727
1583.0,5484.0,883.0,1465.0,300.0,22.0,229.0,799.0,764.0,1450.0,132.0,23.0,0.267,0.815
1434.0,5315.0,689.0,1501.0,258.0,12.0,90.0,519.0,509.0,686.0,34.0,32.0,0.282,0.736
1841.0,6503.0,971.0,1730.0,283.0,21.0,374.0,1159.0,951.0,880.0,19.0,27.0,0.266,0.848
2113.0,7213.0,1084.0,2010.0,408.0,61.0,287.0,1173.0,912.0,1204.0,45.0,57.0,0.279,0.83
952.0,2981.0,368.0,678.0,166.0,9.0,97.0,325.0,347.0,970.0,6.0,2.0,0.227,0.699
1325.0,4212.0,462.0,1061.0,173.0,27.0,86.0,469.0,278.0,616.0,54.0,40.0,0.252,0.667
1311.0,3467.0,411.0,824.0,143.0,18.0,85.0,424.0,456.0,518.0,34.0,39.0,0.238,0.69
880.0,2966.0,505.0,771.0,137.0,18.0,115.0,366.0,408.0,817.0,98.0,29.0,0.26,0.79
1280.0,4624.0,520.0,1246.0,157.0,114.0,59.0,571.0,241.0,407.0,98.0,15.0,0.269,0.702
1387.0,3797.0,549.0,947.0,240.0,18.0,137.0,522.0,452.0,949.0,61.0,21.0,0.249,0.762
1183.0,4820.0,954.0,1646.0,295.0,85.0,46.0,659.0,466.0,168.0,258.0,29.111971403812824,0.341,0.87
2079.0,7064.0,1006.0,1885.0,338.0,14.0,294.0,1182.0,1075.0,1179.0,24.0,38.0,0.267,0.806
1115.0,4200.0,621.0,1145.0,218.0,53.0,65.0,381.0,374.0,1120.0,114.0,45.0,0.273,0.729
1952.0,7417.0,1019.0,1999.0,360.0,50.0,96.0,731.0,586.0,1138.0,336.0,111.0,0.27,0.695
1197.0,4205.0,652.0,1146.0,193.0,32.0,166.0,674.0,462.0,941.0,128.0,61.0,0.273,0.799
1253.0,4730.0,798.0,1355.0,261.0,31.0,174.0,630.0,656.0,1192.0,157.0,32.0,0.286,0.841
1810.0,6269.0,972.0,1609.0,256.0,36.0,146.0,567.0,753.0,1080.0,408.0,116.0,0.257,0.717
1062.0,3821.0,549.0,978.0,203.0,67.0,55.0,533.0,478.0,572.0,42.0,29.111971403812824,0.256,0.727
853.0,2683.0,319.0,539.0,116.0,5.0,147.0,364.0,206.0,1029.0,2.0,4.0,0.201,0.684
898.0,2932.0,343.0,772.0,114.0,21.0,36.0,285.0,202.0,277.0,52.0,35.0,0.263,0.664
2429.0,9174.0,1217.0,2561.0,395.0,138.0,182.0,1053.0,418.0,977.0,398.0,131.0,0.279,0.723
1427.0,4688.0,648.0,1284.0,296.0,15.0,170.0,699.0,564.0,838.0,7.0,9.0,0.274,0.81
2986.0,9847.0,2227.0,2935.0,601.0,77.0,762.0,1996.0,2558.0,1539.0,514.0,141.0,0.298,1.051
982.0,3427.0,435.0,896.0,184.0,10.0,178.0,574.0,253.0,865.0,10.0,8.0,0.261,0.8
1033.0,3159.0,331.0,795.0,176.0,12.0,88.0,382.0,236.0,509.0,3.0,4.0,0.252,0.703
1252.0,3670.0,462.0,920.0,130.0,20.0,96.0,422.0,344.0,500.0,60.0,47.0,0.251,0.693
1044.0,4386.0,764.0,1256.0,202.0,88.0,28.0,644.0,224.0,177.0,59.0,29.111971403812824,0.286,0.715
1999.0,7223.0,811.0,2121.0,272.0,35.0,153.0,1052.0,381.0,754.0,136.0,59.0,0.294,0.734
1365.0,3631.0,488.0,984.0,150.0,29.0,42.0,319.0,294.0,438.0,58.0,32.0,0.271,0.688
2834.0,10116.0,1622.0,3007.0,498.0,75.0,399.0,1583.0,1277.0,1020.0,137.0,65.0,0.297,0.856
1364.0,4493.0,545.0,1164.0,213.0,32.0,119.0,628.0,564.0,627.0,30.0,20.0,0.259,0.743
1043.0,3509.0,487.0,945.0,183.0,37.0,40.0,486.0,485.0,244.0,63.0,29.111971403812824,0.269,0.737
1055.0,3585.0,476.0,934.0,167.0,36.0,47.0,373.0,307.0,359.0,61.0,28.0,0.261,0.689
1085.0,5597.0,950.0,1752.0,268.0,164.0,48.0,756.0,597.0,822.4872552538476,330.0,0.834,0.313,0.8340000000000001
2344.0,7853.0,1188.0,2099.0,360.0,28.0,275.0,1073.0,1197.0,1127.0,50.0,44.0,0.267,0.795
1371.0,4970.0,663.0,1500.0,293.0,9.0,158.0,729.0,540.0,721.0,23.0,9.0,0.302,0.832
2583.0,9397.0,1443.0,2548.0,449.0,124.0,304.0,1167.0,844.0,1299.0,320.0,118.0,0.271,0.774
1296.0,5024.0,875.0,1363.0,271.0,50.0,78.0,539.0,701.0,363.0,215.0,68.0,0.271,0.756
1893.0,7032.0,851.0,1897.0,356.0,39.0,140.0,946.0,486.0,979.0,127.0,59.0,0.27,0.707
2469.0,9315.0,1424.0,3053.0,445.0,112.0,92.0,1015.0,1018.0,1028.0,353.0,187.0,0.328,0.822
941.0,2639.0,345.0,632.0,129.0,16.0,108.0,337.0,300.0,626.0,14.0,15.0,0.239,0.741
2591.0,9157.0,1412.0,2591.0,596.0,68.0,354.0,1439.0,1155.0,1218.0,128.0,87.0,0.283,0.846
1097.0,3913.0,565.0,1087.0,167.0,73.0,25.0,417.0,503.0,190.0,187.0,29.111971403812824,0.278,0.744
1565.0,5291.0,792.0,1342.0,244.0,22.0,253.0,895.0,876.0,851.0,48.0,37.0,0.254,0.812
1517.0,3554.0,404.0,877.0,128.0,20.0,90.0,431.0,366.0,506.0,13.0,29.0,0.247,0.689
2238.0,9140.0,1357.0,2705.0,396.0,109.0,37.0,842.0,572.0,345.0,62.0,73.0,0.296,0.715
1241.0,3633.0,538.0,975.0,196.0,12.0,100.0,494.0,358.0,707.0,23.0,18.0,0.268,0.752
1283.0,4625.0,777.0,1466.0,341.0,67.0,164.0,833.0,372.0,477.0,70.0,7.0,0.317,0.898
1658.0,5547.0,681.0,1566.0,243.0,53.0,211.0,888.0,383.0,870.0,16.0,18.0,0.282,0.791
1572.0,5707.0,848.0,1475.0,277.0,21.0,382.0,1194.0,709.0,1843.0,12.0,5.0,0.258,0.858
1054.0,3512.0,398.0,925.0,220.0,21.0,98.0,424.0,279.0,480.0,11.0,17.0,0.263,0.742
3081.0,10961.0,2295.0,3055.0,510.0,66.0,297.0,1115.0,2190.0,1694.0,1406.0,335.0,0.279,0.82
1398.0,4862.0,862.0,1552.0,285.0,77.0,196.0,913.0,566.0,287.0,154.0,106.0,0.319,0.923
1667.0,5789.0,780.0,1777.0,236.0,50.0,31.0,427.0,311.0,377.0,156.0,80.0,0.307,0.726
1931.0,6082.0,772.0,1564.0,234.0,43.0,189.0,773.0,852.0,1126.0,85.0,83.0,0.257,0.75
1039.0,3191.0,320.0,709.0,109.0,19.0,22.0,229.0,241.0,564.0,94.0,51.0,0.222,0.566
1093.0,3119.0,443.0,857.0,157.0,35.0,65.0,453.0,335.0,350.0,34.0,24.0,0.275,0.758
1035.0,3593.0,433.0,971.0,173.0,8.0,148.0,530.0,247.0,810.0,26.0,33.0,0.27,0.767
1348.0,5261.0,830.0,1563.0,249.0,93.0,71.0,607.0,573.0,303.0,83.0,59.0,0.297,0.788
1112.0,3871.0,541.0,1090.0,196.0,60.0,95.0,575.0,520.0,248.0,21.0,23.0,0.282,0.806
1024.0,3534.0,471.0,874.0,199.0,24.0,175.0,512.0,207.0,990.0,25.0,16.0,0.247,0.759
1149.0,3494.0,443.0,837.0,134.0,29.0,148.0,509.0,323.0,648.0,52.0,19.0,0.24,0.726
1028.0,3695.0,604.0,989.0,157.0,68.0,29.0,281.0,541.0,447.0,134.0,55.0,0.268,0.733
2293.0,8288.0,1231.0,2365.0,412.0,55.0,185.0,1003.0,850.0,874.0,236.0,109.0,0.285,0.767
1304.0,3921.0,495.0,953.0,139.0,26.0,164.0,556.0,582.0,780.0,23.0,7.0,0.243,0.764
2164.0,8385.0,1318.0,2386.0,403.0,76.0,282.0,1061.0,761.0,1260.0,344.0,107.0,0.285,0.796
2460.0,8757.0,1349.0,2490.0,441.0,24.0,493.0,1550.0,1305.0,1882.0,72.0,38.0,0.284,0.886
1362.0,4812.0,458.0,1317.0,217.0,6.0,144.0,711.0,208.0,471.0,3.0,7.0,0.274,0.718
2456.0,8680.0,1074.0,2472.0,483.0,47.0,248.0,1389.0,855.0,694.0,21.0,33.0,0.285,0.785
1309.0,3826.0,342.0,908.0,177.0,20.0,79.0,441.0,382.0,522.0,2.0,3.0,0.237,0.668
991.0,3972.0,729.0,995.0,125.0,47.0,31.0,423.0,361.0,290.0,197.0,29.111971403812824,0.251,0.649
1507.0,5271.0,609.0,1427.0,260.0,53.0,82.0,542.0,296.0,776.0,80.0,33.0,0.271,0.695
1067.0,3631.0,376.0,903.0,145.0,25.0,31.0,333.0,324.0,280.0,38.0,0.0,0.249,0.64
1787.0,6341.0,918.0,1535.0,334.0,16.0,278.0,925.0,1149.0,1249.0,48.0,18.0,0.242,0.79
1736.0,5611.0,874.0,1564.0,343.0,33.0,278.0,987.0,817.0,1077.0,91.0,41.0,0.279,0.87
1125.0,2918.0,374.0,699.0,112.0,19.0,117.0,401.0,363.0,401.0,23.0,8.0,0.24,0.737
1357.0,4902.0,734.0,1229.0,231.0,15.0,275.0,849.0,502.0,1332.0,48.0,31.0,0.251,0.796
1205.0,3897.0,536.0,1007.0,235.0,17.0,144.0,606.0,336.0,882.0,83.0,49.0,0.258,0.762
1235.0,4471.0,573.0,1340.0,244.0,27.0,48.0,747.0,563.0,205.0,33.0,31.0,0.3,0.782
1169.0,3900.0,640.0,1016.0,120.0,31.0,20.0,230.0,627.0,665.0,395.0,162.0,0.261,0.688
938.0,2706.0,317.0,741.0,172.0,9.0,86.0,358.0,233.0,473.0,11.0,7.0,0.274,0.772
1645.0,5974.0,656.0,1608.0,290.0,31.0,149.0,824.0,387.0,1005.0,64.0,56.0,0.269,0.718
1017.0,3330.0,250.0,765.0,123.0,18.0,81.0,375.0,172.0,610.0,10.0,10.0,0.23,0.621
2124.0,7927.0,1131.0,2351.0,417.0,27.0,379.0,1365.0,588.0,1169.0,142.0,80.0,0.297,0.849
1903.0,3924.0,460.0,1055.0,161.0,21.0,37.0,369.0,279.0,337.0,131.0,54.0,0.269,0.667
1058.0,3471.0,425.0,950.0,182.0,4.0,132.0,539.0,253.0,448.0,17.0,26.0,0.274,0.766
1734.0,5890.0,811.0,1604.0,256.0,52.0,104.0,591.0,524.0,583.0,115.0,57.0,0.272,0.718
3034.0,11429.0,2246.0,4191.0,723.0,297.0,117.0,1938.0,1249.0,357.0,892.0,178.0,0.367,0.946
975.0,2874.0,351.0,784.0,151.0,9.0,94.0,419.0,255.0,574.0,11.0,10.0,0.273,0.761
1991.0,7471.0,1177.0,2313.0,465.0,151.0,219.0,1422.0,664.0,591.0,58.0,15.0,0.31,0.869
848.0,2958.0,379.0,795.0,176.0,13.0,106.0,458.0,227.0,655.0,32.0,16.0,0.269,0.765
1112.0,3997.0,506.0,1055.0,157.0,30.0,228.0,743.0,301.0,957.0,2.0,7.0,0.264,0.805
1626.0,5321.0,938.0,1430.0,239.0,26.0,282.0,934.0,740.0,1398.0,349.0,66.0,0.269,0.841
1417.0,4978.0,707.0,1160.0,228.0,5.0,295.0,780.0,555.0,1852.0,19.0,11.0,0.233,0.774
1289.0,4451.0,491.0,1229.0,191.0,29.0,66.0,519.0,254.0,406.0,26.0,30.0,0.276,0.693
1601.0,5813.0,771.0,1619.0,394.0,7.0,223.0,952.0,548.0,817.0,30.0,14.0,0.279,0.806
2825.0,9949.0,1821.0,3314.0,438.0,187.0,47.0,1300.0,1499.0,286.0,745.0,173.0,0.333,0.853
2087.0,7441.0,1112.0,2169.0,425.0,166.0,83.0,1176.0,736.0,359.0,441.0,12.0,0.291,0.791
2209.0,7874.0,996.0,2342.0,344.0,59.0,252.0,1185.0,779.0,1094.0,23.0,29.0,0.297,0.817
2150.0,7797.0,1517.0,2314.0,488.0,32.0,449.0,1529.0,1401.0,1558.0,202.0,78.0,0.297,0.948
1014.0,3629.0,421.0,895.0,142.0,22.0,111.0,373.0,262.0,662.0,43.0,46.0,0.247,0.692
1959.0,6606.0,823.0,1832.0,295.0,35.0,336.0,1122.0,594.0,1059.0,20.0,25.0,0.277,0.822
2008.0,7365.0,1081.0,2018.0,367.0,14.0,459.0,1302.0,732.0,1873.0,83.0,32.0,0.274,0.859
1084.0,3784.0,615.0,1121.0,205.0,65.0,135.0,659.0,356.0,373.0,18.0,29.111971403812824,0.296,0.852
1328.0,2761.0,409.0,719.0,115.0,17.0,77.0,349.0,402.0,402.0,26.0,15.0,0.26,0.751
1418.0,4443.0,643.0,1222.0,206.0,55.0,42.0,448.0,367.0,325.0,191.0,75.0,0.275,0.708
1825.0,7647.0,1408.0,2104.0,231.0,96.0,26.0,867.0,420.0,326.0,540.0,29.111971403812824,0.275,0.655
1373.0,4589.0,645.0,1260.0,162.0,46.0,151.0,737.0,608.0,463.0,21.0,19.0,0.275,0.79
1720.0,6428.0,1120.0,2193.0,373.0,112.0,154.0,1078.0,537.0,449.0,56.0,6.0,0.341,0.899
1186.0,3805.0,434.0,932.0,208.0,17.0,89.0,415.0,216.0,734.0,43.0,30.0,0.245,0.673
1988.0,9589.0,1504.0,3252.0,657.0,163.0,82.0,1599.0,516.0,85.0,380.0,21.0,0.339,0.847
2730.0,9456.0,1859.0,2876.0,488.0,72.0,511.0,1860.0,1708.0,896.0,89.0,29.111971403812824,0.304,0.947
862.0,2526.0,305.0,597.0,125.0,13.0,69.0,340.0,227.0,656.0,10.0,18.0,0.236,0.676
2202.0,8018.0,1239.0,2210.0,316.0,65.0,54.0,687.0,1243.0,675.0,271.0,94.0,0.276,0.724
1895.0,6488.0,864.0,1774.0,245.0,35.0,382.0,1119.0,782.0,1460.0,8.0,9.0,0.273,0.851
1717.0,6478.0,1144.0,1958.0,407.0,107.0,90.0,977.0,824.0,556.0,287.0,135.0,0.302,0.823
1081.0,4074.0,598.0,1267.0,205.0,50.0,42.0,533.0,310.0,141.0,40.0,30.0,0.311,0.779
1312.0,4397.0,628.0,1147.0,268.0,36.0,175.0,584.0,618.0,1209.0,47.0,21.0,0.261,0.814
1553.0,4908.0,541.0,1227.0,179.0,27.0,146.0,599.0,407.0,583.0,11.0,19.0,0.25,0.694
1286.0,4553.0,718.0,1203.0,157.0,44.0,93.0,418.0,672.0,575.0,200.0,105.0,0.264,0.741
1923.0,7038.0,1174.0,2131.0,353.0,130.0,38.0,850.0,965.0,428.0,156.0,109.0,0.303,0.795
1364.0,4762.0,648.0,1389.0,301.0,29.0,171.0,683.0,407.0,871.0,25.0,22.0,0.292,0.826
1314.0,4226.0,538.0,1153.0,249.0,7.0,106.0,527.0,562.0,503.0,3.0,8.0,0.273,0.771
1084.0,3172.0,385.0,874.0,172.0,28.0,108.0,513.0,361.0,297.0,7.0,0.0,0.276,0.802
848.0,2571.0,300.0,671.0,103.0,12.0,36.0,261.0,124.0,198.0,28.0,20.0,0.261,0.649
1583.0,5131.0,568.0,1273.0,172.0,26.0,156.0,606.0,510.0,815.0,20.0,19.0,0.248,0.699
1453.0,5144.0,681.0,1477.0,245.0,26.0,207.0,792.0,533.0,910.0,8.0,15.0,0.287,0.819
1866.0,7000.0,997.0,1878.0,338.0,35.0,378.0,1218.0,469.0,1363.0,53.0,35.0,0.268,0.806
1210.0,3435.0,507.0,921.0,152.0,35.0,86.0,419.0,431.0,664.0,47.0,36.0,0.268,0.757
1676.0,6301.0,870.0,1917.0,329.0,48.0,220.0,947.0,448.0,645.0,86.0,55.0,0.304,0.829
1881.0,6650.0,964.0,1803.0,300.0,51.0,160.0,758.0,934.0,709.0,233.0,118.0,0.271,0.764
1691.0,6419.0,885.0,1778.0,374.0,63.0,169.0,794.0,400.0,1117.0,253.0,77.0,0.277,0.755
1264.0,4203.0,596.0,1103.0,199.0,45.0,123.0,528.0,452.0,642.0,88.0,59.0,0.262,0.754
1542.0,5032.0,811.0,1281.0,216.0,53.0,256.0,796.0,795.0,1033.0,84.0,50.0,0.255,0.829
2317.0,8134.0,1751.0,2646.0,458.0,125.0,534.0,1922.0,1452.0,1311.0,87.0,72.0,0.325,1.037
811.0,3195.0,689.0,1055.0,133.0,80.0,39.0,578.0,350.0,86.0,399.0,29.111971403812824,0.33,0.86
1131.0,4451.0,676.0,1129.0,149.0,52.0,32.0,558.0,283.0,289.0,225.0,29.111971403812824,0.254,0.633
1456.0,5160.0,755.0,1454.0,267.0,37.0,184.0,821.0,353.0,842.0,119.0,48.0,0.282,0.788
991.0,9031.0,1539.0,2660.0,451.0,163.0,72.0,1437.0,870.0,180.0,616.0,29.111971403812824,0.295,0.765
1802.0,7052.0,946.0,2040.0,391.0,36.0,90.0,640.0,364.0,954.0,133.0,52.0,0.289,0.725
1215.0,3436.0,455.0,855.0,140.0,16.0,131.0,498.0,504.0,473.0,31.0,22.0,0.249,0.757
2010.0,6858.0,1251.0,1949.0,437.0,25.0,393.0,1199.0,998.0,1729.0,67.0,50.0,0.284,0.903
1720.0,5770.0,676.0,1500.0,257.0,30.0,91.0,626.0,500.0,800.0,96.0,58.0,0.26,0.685
839.0,2811.0,256.0,773.0,154.0,10.0,63.0,339.0,144.0,753.0,18.0,4.0,0.275,0.717
1021.0,3147.0,384.0,854.0,141.0,33.0,28.0,401.0,252.0,298.0,59.0,49.0,0.271,0.692
1673.0,5972.0,843.0,1706.0,278.0,65.0,202.0,870.0,596.0,927.0,103.0,68.0,0.286,0.806
2001.0,6883.0,1097.0,1631.0,334.0,10.0,462.0,1168.0,1317.0,2379.0,63.0,25.0,0.237,0.854
853.0,2601.0,375.0,661.0,116.0,25.0,116.0,397.0,393.0,497.0,18.0,11.0,0.254,0.803
1108.0,2708.0,248.0,661.0,134.0,20.0,32.0,263.0,232.0,387.0,32.0,29.0,0.244,0.647
831.0,2873.0,388.0,759.0,163.0,26.0,67.0,332.0,259.0,679.0,45.0,17.0,0.264,0.736
909.0,3633.0,523.0,1036.0,220.0,26.0,79.0,405.0,246.0,624.0,175.0,43.0,0.285,0.756
1435.0,5117.0,690.0,1343.0,257.0,25.0,105.0,550.0,438.0,801.0,82.0,29.0,0.262,0.711
2856.0,11008.0,1632.0,3142.0,583.0,126.0,251.0,1406.0,966.0,1350.0,271.0,105.0,0.285,0.772
1018.0,2652.0,337.0,666.0,130.0,17.0,85.0,345.0,207.0,574.0,38.0,23.0,0.251,0.716
958.0,3098.0,387.0,741.0,171.0,4.0,156.0,470.0,394.0,879.0,6.0,7.0,0.239,0.782
1184.0,3758.0,481.0,1041.0,197.0,7.0,113.0,535.0,370.0,974.0,8.0,11.0,0.277,0.774
980.0,3093.0,350.0,818.0,191.0,7.0,104.0,413.0,232.0,621.0,12.0,6.0,0.264,0.756
1537.0,5541.0,684.0,1534.0,238.0,77.0,32.0,675.0,203.0,348.0,159.0,28.0,0.277,0.684
1360.0,4762.0,759.0,1382.0,295.0,87.0,106.0,766.0,548.0,584.0,53.0,50.0,0.29,0.822
833.0,2784.0,388.0,645.0,140.0,14.0,165.0,486.0,204.0,868.0,18.0,12.0,0.232,0.761
1817.0,6622.0,1175.0,2103.0,356.0,128.0,96.0,926.0,937.0,276.0,118.0,29.111971403812824,0.318,0.859
1013.0,3001.0,407.0,719.0,121.0,11.0,122.0,445.0,562.0,607.0,22.0,12.0,0.24,0.767
1915.0,7102.0,993.0,1884.0,423.0,26.0,331.0,1131.0,707.0,1625.0,58.0,19.0,0.265,0.806
1912.0,6787.0,926.0,1884.0,334.0,69.0,164.0,824.0,468.0,1266.0,312.0,134.0,0.278,0.745
1993.0,7772.0,1201.0,2459.0,281.0,118.0,27.0,598.0,420.0,173.0,67.0,29.111971403812824,0.316,0.746
1222.0,4495.0,672.0,1357.0,247.0,107.0,80.0,699.0,260.0,308.0,112.0,40.0,0.302,0.804
907.0,2854.0,362.0,695.0,93.0,16.0,130.0,380.0,448.0,645.0,7.0,17.0,0.244,0.782
1016.0,2999.0,401.0,732.0,121.0,19.0,27.0,260.0,283.0,440.0,30.0,5.0,0.244,0.637
1731.0,6103.0,1017.0,1475.0,284.0,23.0,355.0,1072.0,865.0,1513.0,121.0,59.0,0.242,0.807
1302.0,4101.0,438.0,1070.0,144.0,33.0,94.0,455.0,179.0,653.0,117.0,51.0,0.261,0.674
1846.0,6045.0,550.0,1355.0,201.0,38.0,60.0,461.0,444.0,845.0,30.0,35.0,0.224,0.58
912.0,2729.0,287.0,674.0,121.0,6.0,20.0,229.0,174.0,332.0,25.0,16.0,0.247,0.612
945.0,2591.0,323.0,602.0,109.0,12.0,104.0,348.0,260.0,626.0,74.0,28.0,0.232,0.707
1133.0,3245.0,478.0,856.0,110.0,26.0,148.0,532.0,484.0,545.0,18.0,7.0,0.264,0.811
2435.0,8147.0,1283.0,2086.0,290.0,24.0,573.0,1584.0,1559.0,1699.0,19.0,18.0,0.256,0.885
1587.0,4618.0,623.0,1166.0,193.0,33.0,168.0,603.0,384.0,1391.0,41.0,38.0,0.252,0.73
1344.0,4577.0,588.0,1247.0,259.0,12.0,200.0,723.0,393.0,945.0,7.0,5.0,0.272,0.795
1221.0,3895.0,540.0,1020.0,175.0,37.0,112.0,485.0,351.0,574.0,45.0,30.0,0.262,0.735
1281.0,4418.0,623.0,1325.0,255.0,45.0,47.0,501.0,223.0,310.0,84.0,4.0,0.3,0.746
907.0,3418.0,423.0,943.0,198.0,27.0,28.0,368.0,244.0,238.0,25.0,46.0,0.276,0.7
2260.0,7156.0,770.0,1759.0,302.0,50.0,112.0,720.0,847.0,988.0,42.0,54.0,0.246,0.676
1475.0,4124.0,571.0,1068.0,191.0,24.0,93.0,460.0,642.0,627.0,197.0,90.0,0.259,0.744
1413.0,5301.0,792.0,1525.0,340.0,21.0,283.0,901.0,519.0,1431.0,25.0,11.0,0.288,0.872
1232.0,3489.0,437.0,878.0,194.0,9.0,88.0,446.0,479.0,544.0,23.0,19.0,0.252,0.732
891.0,2630.0,441.0,714.0,138.0,21.0,54.0,260.0,265.0,454.0,105.0,43.0,0.271,0.745
2379.0,9073.0,1508.0,2724.0,504.0,80.0,210.0,1134.0,1032.0,1140.0,474.0,114.0,0.3,0.814
1652.0,5721.0,745.0,1576.0,301.0,22.0,186.0,756.0,450.0,861.0,23.0,18.0,0.275,0.761
1125.0,4095.0,514.0,1138.0,130.0,104.0,27.0,514.0,368.0,216.0,202.0,7.0,0.278,0.72
1869.0,6573.0,901.0,2018.0,444.0,72.0,72.0,951.0,363.0,433.0,154.0,63.0,0.307,0.783
1012.0,3332.0,440.0,847.0,185.0,15.0,144.0,531.0,345.0,832.0,9.0,16.0,0.254,0.771
2195.0,7680.0,1005.0,2007.0,298.0,86.0,75.0,598.0,613.0,1083.0,234.0,111.0,0.261,0.673
1268.0,3584.0,357.0,816.0,118.0,16.0,102.0,410.0,342.0,726.0,14.0,18.0,0.228,0.653
1402.0,4960.0,738.0,1401.0,253.0,72.0,38.0,561.0,620.0,116.0,140.0,29.111971403812824,0.282,0.758
1391.0,3998.0,564.0,1108.0,229.0,28.0,103.0,585.0,487.0,661.0,57.0,29.0,0.277,0.781
902.0,2558.0,331.0,670.0,88.0,31.0,66.0,284.0,245.0,470.0,21.0,18.0,0.262,0.727
1495.0,5249.0,767.0,1402.0,282.0,36.0,143.0,696.0,712.0,804.0,253.0,97.0,0.267,0.77
2528.0,9421.0,1305.0,2583.0,407.0,90.0,512.0,1636.0,763.0,1236.0,50.0,53.0,0.274,0.83
936.0,2922.0,434.0,759.0,113.0,6.0,179.0,549.0,475.0,663.0,3.0,1.0,0.26,0.854
1014.0,3350.0,498.0,924.0,162.0,35.0,28.0,327.0,299.0,312.0,75.0,33.0,0.276,0.706
1970.0,7918.0,1137.0,2375.0,441.0,60.0,185.0,1030.0,575.0,1235.0,90.0,30.0,0.3,0.787
2088.0,7370.0,1124.0,2182.0,426.0,60.0,162.0,1071.0,1070.0,1012.0,98.0,63.0,0.296,0.82
1732.0,5479.0,746.0,1464.0,282.0,23.0,153.0,763.0,761.0,719.0,154.0,63.0,0.267,0.767
2165.0,8275.0,1187.0,2251.0,386.0,56.0,227.0,967.0,553.0,1240.0,429.0,116.0,0.272,0.733
1118.0,3734.0,411.0,944.0,153.0,31.0,86.0,459.0,219.0,277.0,61.0,29.0,0.253,0.672
919.0,2504.0,309.0,637.0,92.0,20.0,48.0,284.0,244.0,409.0,20.0,28.0,0.254,0.684
1246.0,3998.0,535.0,1216.0,246.0,21.0,76.0,513.0,356.0,548.0,45.0,24.0,0.304,0.794
1379.0,5070.0,754.0,1493.0,185.0,75.0,22.0,410.0,391.0,246.0,169.0,83.0,0.294,0.721
1766.0,6622.0,1080.0,1963.0,408.0,49.0,352.0,1154.0,586.0,1363.0,216.0,60.0,0.296,0.89
887.0,2645.0,251.0,623.0,93.0,7.0,76.0,301.0,222.0,607.0,14.0,17.0,0.236,0.658
967.0,3502.0,437.0,1000.0,144.0,47.0,69.0,373.0,203.0,526.0,84.0,53.0,0.286,0.737
1305.0,3877.0,353.0,925.0,190.0,9.0,67.0,443.0,266.0,795.0,8.0,14.0,0.239,0.637
1717.0,6186.0,863.0,1759.0,367.0,59.0,110.0,662.0,526.0,1010.0,215.0,84.0,0.284,0.759
1391.0,4887.0,683.0,1355.0,269.0,21.0,77.0,509.0,474.0,570.0,55.0,22.0,0.277,0.729
1382.0,4927.0,913.0,1379.0,298.0,23.0,285.0,817.0,879.0,1276.0,122.0,43.0,0.28,0.913
880.0,2758.0,334.0,668.0,135.0,15.0,40.0,283.0,174.0,455.0,67.0,21.0,0.242,0.64
1233.0,4558.0,678.0,1294.0,138.0,78.0,17.0,413.0,378.0,669.804700633739,261.0,0.706,0.284,0.706
1200.0,3897.0,582.0,1170.0,199.0,34.0,100.0,592.0,649.0,701.0,58.0,31.0,0.3,0.843
1630.0,5439.0,731.0,1583.0,279.0,17.0,134.0,774.0,291.0,580.0,59.0,24.0,0.291,0.755
1102.0,3921.0,436.0,966.0,171.0,27.0,109.0,426.0,241.0,853.0,57.0,21.0,0.246,0.679
951.0,4172.0,813.0,1202.0,217.0,81.0,43.0,407.0,204.0,359.0,58.0,29.111971403812824,0.288,0.733
1814.0,5927.0,736.0,1597.0,292.0,62.0,150.0,668.0,203.0,1000.0,212.0,82.0,0.269,0.712
1435.0,4797.0,564.0,1252.0,242.0,18.0,136.0,609.0,559.0,675.0,33.0,25.0,0.261,0.744
1142.0,3801.0,556.0,1055.0,187.0,41.0,98.0,565.0,415.0,420.0,45.0,36.0,0.278,0.779
1461.0,4724.0,675.0,1189.0,236.0,41.0,145.0,546.0,319.0,1259.0,268.0,74.0,0.252,0.724
1274.0,3899.0,517.0,996.0,225.0,27.0,119.0,549.0,412.0,594.0,33.0,23.0,0.255,0.748
1461.0,5636.0,895.0,1678.0,314.0,75.0,65.0,694.0,392.0,471.0,158.0,81.0,0.298,0.762
1105.0,3269.0,452.0,1064.0,225.0,52.0,36.0,582.0,202.0,177.0,42.0,52.0,0.325,0.827
1072.0,3362.0,391.0,872.0,181.0,2.0,100.0,426.0,366.0,648.0,22.0,8.0,0.259,0.736
1951.0,7082.0,1129.0,2003.0,445.0,35.0,328.0,1070.0,744.0,1315.0,162.0,52.0,0.283,0.849
837.0,2779.0,389.0,789.0,157.0,10.0,105.0,470.0,320.0,424.0,15.0,18.0,0.284,0.817
1441.0,4373.0,398.0,1131.0,198.0,12.0,68.0,446.0,567.0,307.0,29.0,24.0,0.259,0.7
1219.0,3045.0,388.0,763.0,154.0,26.0,96.0,409.0,348.0,505.0,33.0,29.0,0.251,0.747
1845.0,6721.0,1058.0,1754.0,350.0,38.0,325.0,1003.0,785.0,1971.0,151.0,59.0,0.261,0.811
938.0,3159.0,431.0,818.0,148.0,24.0,117.0,443.0,197.0,504.0,80.0,33.0,0.259,0.739
1027.0,3829.0,643.0,1166.0,258.0,25.0,119.0,614.0,519.0,555.0,31.0,15.0,0.305,0.865
1096.0,3909.0,521.0,902.0,177.0,29.0,174.0,550.0,253.0,1008.0,68.0,51.0,0.231,0.711
1984.0,7635.0,1198.0,2471.0,540.0,113.0,205.0,1383.0,437.0,551.0,42.0,29.111971403812824,0.324,0.867
2653.0,9934.0,1420.0,3089.0,362.0,96.0,117.0,780.0,647.0,1080.0,509.0,117.0,0.311,0.757
1058.0,2629.0,378.0,655.0,131.0,22.0,83.0,278.0,237.0,469.0,98.0,50.0,0.249,0.722
922.0,2719.0,307.0,628.0,148.0,7.0,96.0,348.0,237.0,760.0,14.0,11.0,0.231,0.711
1074.0,3398.0,505.0,1030.0,158.0,43.0,91.0,528.0,389.0,208.0,58.0,34.0,0.303,0.835
2586.0,9768.0,1582.0,2725.0,565.0,78.0,435.0,1587.0,1084.0,1795.0,312.0,49.0,0.279,0.836
813.0,2787.0,404.0,795.0,134.0,51.0,28.0,417.0,214.0,158.0,57.0,29.111971403812824,0.285,0.739
1322.0,4623.0,550.0,1331.0,180.0,33.0,78.0,525.0,244.0,626.0,113.0,63.0,0.288,0.718
946.0,3040.0,343.0,794.0,145.0,24.0,90.0,386.0,193.0,490.0,27.0,17.0,0.261,0.72
894.0,2894.0,402.0,764.0,120.0,14.0,102.0,383.0,295.0,359.0,18.0,21.0,0.264,0.756
924.0,3316.0,415.0,883.0,100.0,31.0,17.0,245.0,150.0,138.0,51.0,29.111971403812824,0.266,0.635
2784.0,10566.0,2021.0,3115.0,548.0,31.0,696.0,2086.0,1338.0,2287.0,329.0,76.0,0.295,0.93
1009.0,3207.0,322.0,802.0,142.0,6.0,77.0,367.0,265.0,518.0,14.0,12.0,0.25,0.679
1219.0,4139.0,645.0,1202.0,262.0,50.0,40.0,450.0,467.0,288.0,71.0,58.0,0.29,0.777
1783.0,7244.0,1071.0,2304.0,414.0,57.0,207.0,1085.0,450.0,965.0,134.0,76.0,0.318,0.837
1195.0,3927.0,442.0,999.0,140.0,44.0,55.0,342.0,300.0,622.0,63.0,30.0,0.254,0.664
982.0,3425.0,405.0,894.0,149.0,87.0,31.0,437.0,221.0,1.0,178.0,29.111971403812824,0.261,0.705
1481.0,5260.0,626.0,1373.0,281.0,27.0,160.0,698.0,284.0,1080.0,54.0,39.0,0.261,0.719
1502.0,4427.0,552.0,1142.0,177.0,37.0,77.0,456.0,382.0,673.0,16.0,25.0,0.258,0.685
1455.0,5894.0,1357.0,1813.0,359.0,102.0,69.0,950.0,549.0,418.0,368.0,29.111971403812824,0.308,0.806
1441.0,4528.0,516.0,1173.0,199.0,36.0,95.0,570.0,366.0,567.0,37.0,57.0,0.259,0.695
1231.0,5430.0,754.0,1471.0,275.0,84.0,34.0,552.0,290.0,18.0,181.0,29.111971403812824,0.271,0.688
2063.0,7398.0,1123.0,1963.0,394.0,67.0,195.0,860.0,853.0,1443.0,91.0,60.0,0.265,0.759
2014.0,7673.0,1116.0,2326.0,250.0,165.0,56.0,722.0,623.0,489.0,251.0,78.0,0.303,0.761
1975.0,7408.0,1249.0,2054.0,440.0,79.0,192.0,875.0,820.0,1201.0,273.0,97.0,0.277,0.788
1847.0,6527.0,1121.0,1897.0,411.0,55.0,287.0,1078.0,1183.0,835.0,109.0,45.0,0.291,0.902
1276.0,4237.0,568.0,1171.0,229.0,25.0,134.0,620.0,267.0,575.0,31.0,22.0,0.276,0.755
1912.0,6911.0,1048.0,2127.0,344.0,8.0,427.0,1335.0,759.0,1113.0,17.0,20.0,0.308,0.922
1368.0,4299.0,505.0,989.0,137.0,32.0,56.0,353.0,446.0,684.0,120.0,41.0,0.23,0.624
1476.0,5906.0,1313.0,1835.0,256.0,162.0,106.0,851.0,747.0,318.0,428.0,29.111971403812824,0.311,0.855
1962.0,6021.0,621.0,1493.0,243.0,36.0,95.0,624.0,699.0,963.0,20.0,37.0,0.248,0.675
1187.0,4637.0,869.0,1389.0,224.0,129.0,65.0,832.0,464.0,182.0,263.0,29.111971403812824,0.3,0.814
1192.0,4251.0,595.0,1041.0,179.0,34.0,153.0,530.0,550.0,698.0,45.0,25.0,0.245,0.746
1288.0,4007.0,427.0,960.0,145.0,23.0,80.0,422.0,345.0,785.0,26.0,20.0,0.24,0.65
950.0,3102.0,467.0,813.0,151.0,44.0,117.0,509.0,389.0,595.0,32.0,22.0,0.262,0.798
1265.0,4500.0,644.0,1186.0,264.0,18.0,167.0,616.0,445.0,1037.0,36.0,37.0,0.264,0.778
1124.0,3765.0,435.0,905.0,177.0,26.0,145.0,490.0,158.0,1060.0,53.0,34.0,0.24,0.692
1753.0,6391.0,867.0,1643.0,357.0,26.0,190.0,749.0,684.0,1535.0,113.0,45.0,0.257,0.748
2588.0,8197.0,1229.0,2211.0,353.0,46.0,521.0,1555.0,1345.0,1550.0,26.0,22.0,0.27,0.889
1617.0,5396.0,800.0,1598.0,343.0,21.0,112.0,727.0,563.0,694.0,63.0,37.0,0.296,0.796
2973.0,11003.0,1669.0,3110.0,540.0,88.0,465.0,1833.0,1216.0,1686.0,223.0,96.0,0.283,0.828
1399.0,5640.0,1046.0,1680.0,308.0,57.0,87.0,618.0,750.0,571.0,100.0,62.0,0.298,0.802
939.0,2597.0,336.0,574.0,120.0,6.0,96.0,335.0,233.0,749.0,24.0,14.0,0.221,0.672
1317.0,5167.0,839.0,1380.0,192.0,57.0,33.0,567.0,467.0,129.0,260.0,29.111971403812824,0.267,0.678
1092.0,3704.0,536.0,891.0,183.0,21.0,166.0,491.0,362.0,1106.0,35.0,17.0,0.241,0.746
1216.0,4223.0,663.0,1229.0,265.0,22.0,85.0,493.0,543.0,571.0,20.0,18.0,0.291,0.798
1565.0,5306.0,640.0,1340.0,280.0,43.0,140.0,709.0,509.0,1192.0,45.0,34.0,0.253,0.722
1005.0,3788.0,473.0,1021.0,191.0,29.0,104.0,598.0,286.0,377.0,69.0,54.0,0.27,0.74
1226.0,4441.0,501.0,1169.0,201.0,23.0,70.0,444.0,304.0,461.0,72.0,24.0,0.263,0.678
2024.0,6957.0,870.0,1982.0,385.0,36.0,214.0,1071.0,671.0,1168.0,54.0,29.0,0.285,0.79
895.0,2517.0,317.0,685.0,121.0,19.0,62.0,319.0,149.0,409.0,37.0,16.0,0.272,0.724
1742.0,5937.0,1004.0,1706.0,336.0,74.0,100.0,830.0,979.0,393.0,123.0,0.0,0.287,0.809
1400.0,3718.0,537.0,898.0,206.0,15.0,149.0,503.0,559.0,935.0,35.0,23.0,0.242,0.767
1976.0,7173.0,1186.0,2176.0,440.0,47.0,284.0,1205.0,937.0,1190.0,67.0,48.0,0.303,0.881
1666.0,5564.0,783.0,1614.0,266.0,28.0,80.0,686.0,965.0,550.0,24.0,37.0,0.29,0.787
1213.0,4263.0,565.0,1196.0,183.0,33.0,93.0,524.0,360.0,702.0,91.0,48.0,0.281,0.743
1153.0,4163.0,598.0,1123.0,214.0,38.0,121.0,566.0,303.0,722.0,61.0,37.0,0.27,0.751
1089.0,3375.0,371.0,876.0,170.0,16.0,112.0,435.0,213.0,521.0,50.0,37.0,0.26,0.724
1052.0,3800.0,484.0,1006.0,150.0,16.0,135.0,510.0,257.0,989.0,49.0,32.0,0.265,0.738
907.0,2797.0,358.0,703.0,103.0,36.0,27.0,255.0,261.0,409.0,132.0,53.0,0.251,0.656
2401.0,8102.0,1677.0,2415.0,344.0,72.0,536.0,1509.0,1733.0,1710.0,153.0,38.0,0.298,0.978
1753.0,6486.0,1168.0,2076.0,398.0,74.0,300.0,1201.0,601.0,521.0,79.0,29.111971403812824,0.32,0.922
1435.0,5176.0,714.0,1446.0,288.0,114.0,84.0,818.0,718.0,433.0,53.0,29.111971403812824,0.279,0.796
1730.0,6119.0,996.0,1731.0,327.0,46.0,79.0,543.0,660.0,462.0,465.0,168.0,0.283,0.749
1322.0,3083.0,394.0,699.0,113.0,20.0,21.0,211.0,390.0,526.0,12.0,29.0,0.227,0.614
2003.0,6780.0,1024.0,1981.0,306.0,74.0,251.0,1005.0,690.0,721.0,115.0,82.0,0.292,0.835
1468.0,5629.0,785.0,1660.0,247.0,71.0,61.0,499.0,265.0,471.0,267.0,90.0,0.295,0.724
901.0,2737.0,342.0,731.0,126.0,28.0,78.0,328.0,256.0,428.0,26.0,25.0,0.267,0.751
1379.0,5061.0,605.0,1257.0,176.0,82.0,22.0,452.0,345.0,743.7212790494413,262.0,0.63,0.248,0.63
824.0,2759.0,379.0,756.0,152.0,25.0,44.0,259.0,229.0,389.0,42.0,28.0,0.274,0.732
1268.0,4403.0,565.0,1109.0,258.0,63.0,123.0,524.0,435.0,926.0,41.0,19.0,0.252,0.741
1605.0,5593.0,752.0,1452.0,340.0,13.0,255.0,882.0,649.0,1407.0,13.0,11.0,0.26,0.798
1822.0,6632.0,886.0,1763.0,401.0,28.0,195.0,869.0,589.0,1330.0,91.0,32.0,0.266,0.752
1291.0,4134.0,560.0,1122.0,184.0,34.0,148.0,591.0,576.0,768.0,37.0,31.0,0.271,0.8
875.0,2565.0,265.0,629.0,116.0,20.0,40.0,239.0,146.0,567.0,39.0,25.0,0.245,0.642
1168.0,4303.0,706.0,1257.0,254.0,45.0,43.0,496.0,433.0,299.0,12.0,16.0,0.292,0.761
1287.0,4848.0,826.0,1336.0,182.0,92.0,31.0,341.0,837.0,712.4206205950783,247.0,0.754,0.276,0.754
1415.0,5045.0,614.0,1342.0,223.0,37.0,144.0,723.0,342.0,1000.0,163.0,61.0,0.266,0.723
904.0,3304.0,820.0,970.0,152.0,106.0,70.0,607.0,718.0,280.0,264.0,29.111971403812824,0.294,0.902
2097.0,7229.0,1129.0,2143.0,364.0,77.0,152.0,859.0,719.0,898.0,200.0,83.0,0.296,0.79
1449.0,5688.0,839.0,1601.0,312.0,18.0,283.0,855.0,514.0,1073.0,85.0,34.0,0.281,0.833
1769.0,6940.0,913.0,1949.0,278.0,47.0,54.0,550.0,556.0,584.0,444.0,178.0,0.281,0.693
2408.0,8640.0,1419.0,2472.0,632.0,19.0,541.0,1768.0,1319.0,1750.0,17.0,9.0,0.286,0.932
883.0,2672.0,259.0,699.0,116.0,13.0,69.0,391.0,190.0,403.0,6.0,10.0,0.262,0.704
1997.0,7794.0,1620.0,2467.0,441.0,233.0,138.0,1322.0,1002.0,449.0,244.0,29.111971403812824,0.317,0.883
1517.0,5022.0,641.0,1243.0,201.0,48.0,117.0,500.0,371.0,564.0,44.0,23.0,0.248,0.675
1136.0,2956.0,461.0,788.0,138.0,27.0,47.0,253.0,368.0,260.0,78.0,41.0,0.267,0.73
2311.0,8785.0,1429.0,2466.0,389.0,160.0,75.0,817.0,1136.0,412.0,375.0,121.0,0.281,0.755
891.0,2626.0,268.0,682.0,139.0,23.0,43.0,293.0,275.0,287.0,10.0,10.0,0.26,0.708
960.0,2629.0,311.0,676.0,114.0,15.0,80.0,317.0,131.0,480.0,43.0,17.0,0.257,0.696
1354.0,4081.0,607.0,1021.0,137.0,37.0,27.0,342.0,403.0,514.0,247.0,107.0,0.25,0.645
1027.0,3909.0,609.0,1134.0,234.0,24.0,200.0,701.0,352.0,938.0,50.0,16.0,0.29,0.865
1201.0,4151.0,451.0,1098.0,209.0,26.0,98.0,521.0,253.0,672.0,27.0,25.0,0.265,0.704
1865.0,7093.0,1094.0,2042.0,381.0,89.0,223.0,1247.0,809.0,608.0,54.0,64.0,0.288,0.823
2702.0,10032.0,1530.0,3090.0,608.0,17.0,507.0,1848.0,1228.0,2033.0,40.0,21.0,0.308,0.908
2161.0,7617.0,1300.0,2023.0,360.0,50.0,160.0,819.0,1319.0,1499.0,177.0,114.0,0.266,0.763
1077.0,3546.0,411.0,935.0,146.0,13.0,22.0,261.0,265.0,353.0,31.0,31.0,0.264,0.648
980.0,3394.0,506.0,820.0,164.0,9.0,221.0,590.0,328.0,1017.0,18.0,5.0,0.242,0.805
1887.0,7057.0,1186.0,1877.0,340.0,14.0,462.0,1407.0,906.0,1942.0,200.0,88.0,0.266,0.868
961.0,2969.0,365.0,797.0,159.0,7.0,104.0,410.0,189.0,626.0,19.0,8.0,0.268,0.755
1315.0,5363.0,1129.0,1625.0,250.0,178.0,71.0,883.0,392.0,294.0,354.0,29.111971403812824,0.303,0.807
1380.0,4609.0,548.0,1279.0,262.0,21.0,153.0,639.0,357.0,757.0,12.0,13.0,0.278,0.773
831.0,3030.0,472.0,807.0,128.0,24.0,36.0,302.0,310.0,441.0,196.0,65.0,0.266,0.695
1655.0,5837.0,553.0,1455.0,208.0,58.0,20.0,551.0,243.0,282.0,69.0,60.0,0.249,0.596
1336.0,4676.0,697.0,1291.0,187.0,51.0,112.0,576.0,559.0,623.0,45.0,44.0,0.276,0.766
932.0,3033.0,259.0,704.0,114.0,18.0,31.0,288.0,234.0,409.0,17.0,27.0,0.232,0.6
917.0,3582.0,600.0,1099.0,232.0,29.0,119.0,704.0,404.0,180.0,19.0,7.0,0.307,0.867
856.0,2778.0,270.0,666.0,91.0,19.0,40.0,259.0,213.0,338.0,68.0,28.0,0.24,0.621
1922.0,7707.0,1163.0,2345.0,486.0,82.0,47.0,839.0,737.0,428.0,67.0,29.111971403812824,0.304,0.774
1115.0,3964.0,553.0,1100.0,166.0,32.0,59.0,333.0,208.0,502.0,168.0,36.0,0.277,0.695
1163.0,4610.0,874.0,1212.0,170.0,56.0,21.0,539.0,526.0,135.0,296.0,29.111971403812824,0.263,0.683
1259.0,4301.0,812.0,1154.0,185.0,35.0,29.0,364.0,996.0,374.0,48.0,5.0,0.268,0.758
1118.0,3191.0,451.0,871.0,192.0,22.0,98.0,401.0,262.0,701.0,75.0,43.0,0.273,0.767
1823.0,7009.0,963.0,1939.0,336.0,29.0,282.0,945.0,340.0,1395.0,97.0,35.0,0.277,0.771
922.0,2729.0,247.0,654.0,92.0,4.0,80.0,320.0,260.0,361.0,6.0,8.0,0.24,0.674
1079.0,3042.0,243.0,710.0,98.0,23.0,55.0,327.0,387.0,403.0,3.0,13.0,0.233,0.657
865.0,2963.0,360.0,795.0,154.0,12.0,96.0,397.0,217.0,651.0,11.0,16.0,0.268,0.743
1211.0,4627.0,812.0,1491.0,236.0,93.0,42.0,592.0,550.0,390.0,153.0,83.0,0.322,0.84
1165.0,4120.0,545.0,1127.0,172.0,23.0,90.0,536.0,512.0,565.0,85.0,53.0,0.274,0.749
1282.0,4238.0,572.0,1121.0,173.0,34.0,86.0,497.0,258.0,587.0,193.0,100.0,0.265,0.696
1766.0,6285.0,792.0,1671.0,262.0,31.0,286.0,962.0,484.0,894.0,15.0,22.0,0.266,0.774
1536.0,3779.0,496.0,1149.0,125.0,52.0,31.0,438.0,289.0,320.0,50.0,42.0,0.304,0.744
1506.0,5385.0,777.0,1532.0,282.0,18.0,146.0,744.0,596.0,617.0,53.0,17.0,0.284,0.782
1370.0,4890.0,565.0,1294.0,243.0,34.0,61.0,426.0,270.0,619.0,43.0,32.0,0.265,0.672
1140.0,3829.0,448.0,984.0,193.0,3.0,43.0,372.0,297.0,219.0,6.0,13.0,0.257,0.653
1994.0,6847.0,1118.0,1826.0,332.0,39.0,340.0,1180.0,1262.0,1442.0,77.0,61.0,0.267,0.855
1406.0,4481.0,662.0,1217.0,206.0,38.0,132.0,636.0,708.0,748.0,18.0,25.0,0.272,0.792
1117.0,4297.0,797.0,1273.0,200.0,79.0,20.0,596.0,554.0,29.0,401.0,29.111971403812824,0.296,0.788
1107.0,3927.0,459.0,1104.0,229.0,32.0,61.0,391.0,325.0,403.0,50.0,37.0,0.281,0.738
2687.0,8973.0,1344.0,2223.0,329.0,36.0,414.0,1354.0,1605.0,1410.0,99.0,68.0,0.248,0.792
1493.0,4949.0,745.0,1146.0,231.0,26.0,286.0,818.0,817.0,1577.0,29.0,22.0,0.232,0.808
1093.0,3412.0,454.0,876.0,176.0,5.0,166.0,565.0,426.0,844.0,8.0,15.0,0.257,0.797
1140.0,4254.0,528.0,1214.0,215.0,44.0,24.0,373.0,372.0,204.0,28.0,8.0,0.285,0.718
2032.0,7147.0,1083.0,2011.0,319.0,51.0,234.0,978.0,940.0,1125.0,183.0,74.0,0.281,0.803
1884.0,6028.0,687.0,1692.0,324.0,45.0,28.0,734.0,931.0,277.0,29.0,35.0,0.281,0.741
1151.0,3204.0,392.0,849.0,174.0,20.0,63.0,371.0,227.0,471.0,71.0,24.0,0.265,0.705
2354.0,8813.0,1475.0,2408.0,379.0,45.0,609.0,1667.0,929.0,2306.0,234.0,107.0,0.273,0.878
1071.0,3700.0,523.0,970.0,177.0,30.0,75.0,391.0,428.0,606.0,113.0,55.0,0.262,0.726
1383.0,5706.0,819.0,1521.0,208.0,95.0,33.0,835.0,268.0,129.0,206.0,29.111971403812824,0.267,0.655
1331.0,5642.0,1120.0,1688.0,303.0,126.0,70.0,822.0,377.0,445.0,205.0,29.111971403812824,0.299,0.779
1268.0,4848.0,755.0,1416.0,310.0,15.0,158.0,688.0,463.0,989.0,74.0,17.0,0.292,0.816
1502.0,5423.0,727.0,1439.0,284.0,35.0,211.0,807.0,522.0,707.0,93.0,32.0,0.265,0.775
1299.0,4186.0,441.0,1097.0,211.0,13.0,88.0,519.0,280.0,763.0,23.0,14.0,0.262,0.691
918.0,2877.0,384.0,731.0,98.0,44.0,39.0,278.0,232.0,384.0,83.0,38.0,0.254,0.675
1519.0,4858.0,633.0,1335.0,269.0,42.0,90.0,532.0,318.0,920.0,97.0,55.0,0.275,0.725
2573.0,9396.0,1257.0,2460.0,402.0,69.0,28.0,793.0,1072.0,589.0,580.0,148.0,0.262,0.665
963.0,2848.0,387.0,724.0,100.0,24.0,121.0,391.0,287.0,529.0,38.0,18.0,0.254,0.755
2146.0,7787.0,1291.0,2660.0,542.0,151.0,183.0,1539.0,856.0,550.0,113.0,64.0,0.342,0.93
1490.0,3956.0,504.0,1044.0,193.0,34.0,41.0,394.0,243.0,482.0,139.0,40.0,0.264,0.675
1408.0,5373.0,884.0,1597.0,288.0,58.0,208.0,712.0,403.0,1004.0,138.0,56.0,0.297,0.844
1750.0,6365.0,950.0,1808.0,338.0,37.0,287.0,1031.0,518.0,1641.0,184.0,63.0,0.284,0.821
936.0,3567.0,507.0,959.0,198.0,17.0,153.0,542.0,313.0,720.0,14.0,7.0,0.269,0.792
1259.0,4154.0,561.0,1157.0,193.0,30.0,119.0,522.0,255.0,503.0,47.0,32.0,0.279,0.748
972.0,3007.0,430.0,811.0,143.0,28.0,19.0,288.0,292.0,318.0,108.0,37.0,0.27,0.689
1149.0,3252.0,416.0,905.0,169.0,13.0,28.0,284.0,280.0,476.0,26.0,17.0,0.278,0.701
2163.0,7755.0,769.0,2016.0,294.0,62.0,138.0,853.0,447.0,706.0,27.0,23.0,0.26,0.666
2216.0,8479.0,1223.0,2449.0,427.0,78.0,84.0,773.0,606.0,346.0,89.0,27.0,0.289,0.724
1061.0,3749.0,653.0,1053.0,254.0,18.0,150.0,618.0,539.0,828.0,26.0,14.0,0.281,0.86
1262.0,4746.0,801.0,1356.0,236.0,52.0,32.0,422.0,571.0,536.0,57.0,29.111971403812824,0.286,0.744
1221.0,4240.0,526.0,1149.0,209.0,45.0,58.0,481.0,482.0,437.0,33.0,13.0,0.271,0.732
2228.0,8640.0,1084.0,2529.0,522.0,36.0,287.0,1365.0,429.0,1224.0,80.0,47.0,0.293,0.785
1360.0,4347.0,648.0,1069.0,139.0,20.0,166.0,609.0,747.0,953.0,100.0,61.0,0.246,0.758
1014.0,3339.0,449.0,819.0,174.0,14.0,81.0,371.0,500.0,860.0,63.0,27.0,0.245,0.726
1228.0,4536.0,749.0,1171.0,190.0,74.0,28.0,345.0,619.0,451.0,428.0,31.0,0.258,0.704
997.0,3307.0,391.0,864.0,109.0,24.0,116.0,445.0,263.0,672.0,40.0,41.0,0.261,0.74
1752.0,5351.0,623.0,1415.0,244.0,14.0,155.0,808.0,671.0,453.0,20.0,10.0,0.264,0.759
1908.0,6730.0,972.0,1862.0,285.0,45.0,252.0,1043.0,862.0,841.0,127.0,75.0,0.277,0.802
1277.0,4288.0,575.0,1219.0,182.0,89.0,60.0,535.0,437.0,453.0,131.0,43.0,0.284,0.766
1179.0,4259.0,686.0,1241.0,249.0,54.0,47.0,593.0,462.0,361.0,56.0,58.0,0.291,0.77
1403.0,4826.0,587.0,1239.0,267.0,18.0,123.0,589.0,428.0,687.0,19.0,20.0,0.257,0.716
2425.0,8480.0,1453.0,2470.0,574.0,59.0,288.0,1363.0,1476.0,1840.0,400.0,128.0,0.291,0.87
1585.0,4847.0,512.0,1206.0,190.0,44.0,104.0,548.0,547.0,677.0,67.0,56.0,0.249,0.697
2166.0,7917.0,908.0,2299.0,394.0,108.0,79.0,1077.0,578.0,410.0,57.0,44.0,0.29,0.738
1973.0,7297.0,914.0,2153.0,423.0,3.0,246.0,1178.0,730.0,891.0,7.0,7.0,0.295,0.815
1159.0,3513.0,591.0,886.0,183.0,51.0,90.0,352.0,481.0,688.0,322.0,83.0,0.252,0.752
1798.0,6599.0,841.0,1761.0,376.0,24.0,202.0,873.0,606.0,1450.0,17.0,27.0,0.267,0.752
1538.0,5130.0,710.0,1324.0,286.0,17.0,197.0,708.0,465.0,1105.0,50.0,38.0,0.258,0.756
814.0,2536.0,297.0,625.0,117.0,15.0,31.0,201.0,155.0,349.0,29.0,9.0,0.246,0.635
1188.0,3836.0,465.0,940.0,211.0,4.0,167.0,570.0,475.0,997.0,6.0,10.0,0.245,0.763
1988.0,7067.0,856.0,1782.0,305.0,27.0,324.0,1070.0,612.0,1527.0,28.0,37.0,0.252,0.753
921.0,2910.0,434.0,896.0,157.0,46.0,48.0,413.0,239.0,243.0,75.0,0.0,0.308,0.807
1346.0,4759.0,759.0,1149.0,238.0,18.0,235.0,706.0,626.0,1341.0,26.0,21.0,0.241,0.783
1633.0,3421.0,429.0,833.0,132.0,13.0,95.0,426.0,532.0,589.0,58.0,44.0,0.243,0.72
1650.0,5888.0,748.0,1591.0,305.0,25.0,214.0,887.0,321.0,1103.0,31.0,26.0,0.27,0.761
1017.0,2959.0,281.0,714.0,118.0,28.0,27.0,269.0,175.0,411.0,23.0,18.0,0.241,0.612
2670.0,10078.0,1255.0,2605.0,380.0,177.0,28.0,884.0,839.0,756.0,291.0,93.0,0.258,0.658
915.0,3009.0,380.0,786.0,139.0,13.0,60.0,306.0,141.0,424.0,78.0,31.0,0.261,0.671
2124.0,7579.0,1232.0,2285.0,515.0,118.0,170.0,1424.0,1059.0,700.0,87.0,71.0,0.301,0.858
1270.0,4334.0,555.0,1170.0,168.0,96.0,37.0,579.0,299.0,194.0,321.0,8.0,0.27,0.702
974.0,3097.0,319.0,766.0,169.0,20.0,93.0,376.0,219.0,810.0,15.0,18.0,0.247,0.704
1291.0,4804.0,762.0,1391.0,264.0,24.0,225.0,780.0,511.0,900.0,57.0,32.0,0.29,0.856
1853.0,5436.0,536.0,1418.0,225.0,25.0,118.0,614.0,454.0,581.0,15.0,27.0,0.261,0.693
3298.0,12364.0,2174.0,3771.0,624.0,98.0,755.0,2297.0,1402.0,1383.0,240.0,73.0,0.305,0.929
1942.0,7037.0,1109.0,2134.0,421.0,39.0,332.0,1287.0,737.0,894.0,106.0,37.0,0.303,0.885
895.0,2852.0,377.0,662.0,161.0,6.0,110.0,381.0,304.0,984.0,5.0,7.0,0.232,0.714
1167.0,4618.0,671.0,1290.0,196.0,57.0,27.0,735.0,319.0,198.0,164.0,29.111971403812824,0.279,0.696
967.0,2836.0,378.0,707.0,118.0,39.0,81.0,307.0,254.0,748.0,135.0,31.0,0.249,0.719
1201.0,3838.0,532.0,1087.0,185.0,25.0,37.0,341.0,285.0,716.0,55.0,33.0,0.283,0.721
1853.0,7241.0,1188.0,2077.0,362.0,108.0,41.0,611.0,872.0,565.0,383.0,139.0,0.287,0.75
1298.0,4558.0,597.0,1222.0,209.0,54.0,32.0,351.0,437.0,714.0,123.0,45.0,0.268,0.697
950.0,3031.0,389.0,784.0,176.0,9.0,160.0,523.0,276.0,803.0,10.0,14.0,0.259,0.802
1535.0,5517.0,848.0,1482.0,263.0,69.0,61.0,549.0,752.0,525.0,105.0,0.0,0.269,0.733
1597.0,4677.0,585.0,1163.0,154.0,54.0,43.0,370.0,456.0,593.0,140.0,92.0,0.249,0.649
911.0,3354.0,494.0,898.0,214.0,17.0,116.0,426.0,274.0,460.0,120.0,49.0,0.268,0.771
1086.0,4404.0,650.0,1120.0,110.0,80.0,31.0,631.0,174.0,80.0,137.0,29.111971403812824,0.254,0.625
1836.0,6826.0,859.0,1996.0,392.0,117.0,43.0,968.0,513.0,360.0,247.0,108.0,0.292,0.748
1458.0,4017.0,509.0,1122.0,160.0,37.0,36.0,329.0,212.0,422.0,125.0,58.0,0.279,0.679
1465.0,4710.0,668.0,1109.0,288.0,24.0,191.0,590.0,520.0,1192.0,142.0,46.0,0.235,0.742
1151.0,3677.0,465.0,1078.0,189.0,25.0,118.0,522.0,321.0,696.0,20.0,25.0,0.293,0.803
1140.0,3633.0,505.0,825.0,199.0,27.0,108.0,443.0,357.0,1037.0,69.0,18.0,0.227,0.692
986.0,5222.0,842.0,1482.0,181.0,100.0,42.0,727.0,429.0,10.0,282.0,29.111971403812824,0.284,0.745
1298.0,4700.0,719.0,1318.0,263.0,28.0,80.0,513.0,406.0,368.0,82.0,29.111971403812824,0.28,0.739
1306.0,4581.0,511.0,1279.0,214.0,14.0,121.0,674.0,405.0,515.0,28.0,33.0,0.279,0.746
1311.0,4520.0,535.0,1220.0,204.0,24.0,120.0,545.0,439.0,764.0,16.0,25.0,0.27,0.739
1408.0,4532.0,783.0,1301.0,182.0,71.0,40.0,382.0,334.0,348.0,228.0,67.0,0.287,0.724
1417.0,5399.0,705.0,1563.0,289.0,102.0,44.0,702.0,335.0,24.0,193.0,29.111971403812824,0.289,0.741
1320.0,5208.0,685.0,1473.0,196.0,31.0,22.0,360.0,260.0,243.0,49.0,25.0,0.283,0.663
1615.0,5904.0,1151.0,1696.0,319.0,109.0,44.0,695.0,1092.0,436.0,151.0,85.0,0.287,0.803
884.0,2915.0,422.0,880.0,157.0,54.0,30.0,392.0,130.0,218.0,41.0,20.0,0.302,0.76
1424.0,4154.0,553.0,1153.0,207.0,29.0,99.0,475.0,566.0,558.0,27.0,33.0,0.278,0.779
1941.0,6707.0,662.0,1725.0,285.0,49.0,118.0,689.0,522.0,1135.0,39.0,48.0,0.257,0.678
1317.0,5108.0,717.0,1562.0,212.0,64.0,75.0,408.0,246.0,445.0,172.0,83.0,0.306,0.755
1092.0,3627.0,579.0,995.0,222.0,28.0,137.0,555.0,504.0,689.0,30.0,13.0,0.274,0.828
1354.0,3968.0,518.0,1048.0,152.0,47.0,113.0,443.0,416.0,685.0,130.0,50.0,0.264,0.744
1008.0,3690.0,521.0,1017.0,208.0,29.0,134.0,515.0,269.0,809.0,79.0,18.0,0.276,0.789
893.0,3116.0,441.0,803.0,140.0,4.0,66.0,316.0,458.0,390.0,18.0,25.0,0.258,0.722
1867.0,6440.0,883.0,1751.0,276.0,67.0,43.0,848.0,723.0,515.0,140.0,87.0,0.272,0.708
1325.0,4644.0,568.0,1199.0,172.0,25.0,55.0,474.0,491.0,467.0,31.0,28.0,0.258,0.675
1458.0,4843.0,737.0,1399.0,212.0,60.0,142.0,661.0,644.0,591.0,89.0,68.0,0.289,0.816
1265.0,3419.0,504.0,900.0,150.0,55.0,70.0,342.0,325.0,578.0,160.0,73.0,0.263,0.731
1632.0,5843.0,645.0,1604.0,279.0,25.0,139.0,802.0,465.0,751.0,32.0,42.0,0.275,0.729
1496.0,5053.0,778.0,1422.0,220.0,52.0,54.0,402.0,471.0,709.0,254.0,92.0,0.281,0.721
1235.0,4846.0,749.0,1376.0,241.0,47.0,104.0,512.0,399.0,737.0,343.0,71.0,0.284,0.759
1150.0,3572.0,398.0,900.0,150.0,22.0,26.0,344.0,319.0,311.0,74.0,36.0,0.252,0.644
1587.0,5102.0,645.0,1355.0,356.0,12.0,151.0,675.0,638.0,1108.0,19.0,7.0,0.266,0.776
1749.0,6332.0,1099.0,1848.0,320.0,79.0,351.0,1119.0,894.0,1556.0,133.0,52.0,0.292,0.912
957.0,2891.0,333.0,709.0,142.0,14.0,75.0,368.0,237.0,445.0,20.0,23.0,0.245,0.689
1358.0,4374.0,613.0,1193.0,267.0,18.0,136.0,536.0,261.0,914.0,67.0,30.0,0.273,0.765
1816.0,6253.0,721.0,1613.0,245.0,55.0,43.0,656.0,568.0,530.0,36.0,29.111971403812824,0.258,0.66
1906.0,6740.0,1037.0,2064.0,376.0,96.0,105.0,1023.0,817.0,325.0,59.0,10.0,0.306,0.82
1095.0,3283.0,353.0,773.0,130.0,22.0,91.0,352.0,246.0,678.0,45.0,25.0,0.235,0.662
2014.0,7356.0,1124.0,2138.0,435.0,110.0,89.0,679.0,821.0,457.0,174.0,81.0,0.291,0.78
1162.0,3824.0,556.0,973.0,173.0,34.0,72.0,354.0,368.0,921.0,187.0,55.0,0.254,0.697
1377.0,5033.0,821.0,1432.0,302.0,40.0,234.0,785.0,448.0,1240.0,122.0,33.0,0.285,0.843
1587.0,5815.0,869.0,1494.0,273.0,66.0,169.0,737.0,616.0,1135.0,280.0,93.0,0.257,0.746
1472.0,5220.0,740.0,1434.0,288.0,65.0,99.0,573.0,510.0,838.0,66.0,62.0,0.275,0.761
871.0,2615.0,321.0,647.0,119.0,7.0,91.0,333.0,318.0,438.0,45.0,38.0,0.247,0.733
1206.0,3907.0,389.0,954.0,147.0,6.0,167.0,608.0,440.0,636.0,1.0,0.0,0.244,0.735
955.0,3203.0,412.0,835.0,115.0,44.0,103.0,415.0,281.0,382.0,36.0,16.0,0.261,0.741
1270.0,4631.0,643.0,1329.0,203.0,85.0,31.0,494.0,329.0,186.0,39.0,45.0,0.287,0.724
1544.0,4930.0,587.0,1211.0,215.0,59.0,46.0,439.0,569.0,519.0,82.0,62.0,0.246,0.665
829.0,2829.0,458.0,715.0,125.0,28.0,74.0,266.0,294.0,550.0,169.0,53.0,0.253,0.718
976.0,3215.0,471.0,864.0,192.0,5.0,118.0,492.0,466.0,784.0,24.0,5.0,0.269,0.809
1030.0,3083.0,391.0,730.0,129.0,30.0,123.0,401.0,341.0,864.0,43.0,18.0,0.237,0.732
1047.0,3372.0,319.0,849.0,176.0,3.0,80.0,395.0,175.0,514.0,10.0,19.0,0.252,0.667
1331.0,5206.0,712.0,1480.0,232.0,45.0,107.0,492.0,302.0,782.0,205.0,71.0,0.284,0.738
855.0,2864.0,368.0,746.0,164.0,19.0,113.0,444.0,268.0,520.0,19.0,12.0,0.26,0.775
1977.0,7023.0,986.0,1925.0,307.0,47.0,348.0,1239.0,666.0,1419.0,51.0,31.0,0.274,0.818
992.0,2769.0,337.0,801.0,155.0,12.0,98.0,422.0,170.0,444.0,29.0,21.0,0.289,0.798
1009.0,3605.0,515.0,937.0,187.0,23.0,166.0,532.0,183.0,1103.0,90.0,32.0,0.26,0.765
1067.0,3587.0,522.0,992.0,192.0,40.0,147.0,530.0,444.0,679.0,106.0,61.0,0.277,0.831
1354.0,4652.0,657.0,1463.0,300.0,59.0,69.0,784.0,412.0,279.0,47.0,49.0,0.314,0.821
1359.0,5326.0,773.0,1498.0,265.0,72.0,71.0,490.0,515.0,716.0,185.0,59.0,0.281,0.745
1904.0,6296.0,790.0,1700.0,276.0,72.0,84.0,729.0,594.0,551.0,101.0,63.0,0.27,0.711
2302.0,10430.0,1736.0,3430.0,640.0,252.0,101.0,1732.0,963.0,327.0,722.0,15.0,0.329,0.858
1991.0,6432.0,867.0,1912.0,396.0,64.0,236.0,1179.0,703.0,697.0,28.0,7.0,0.297,0.859
1848.0,6978.0,1076.0,2156.0,426.0,21.0,294.0,1236.0,651.0,852.0,94.0,50.0,0.309,0.871
971.0,3120.0,389.0,762.0,150.0,13.0,71.0,307.0,343.0,757.0,42.0,16.0,0.244,0.695
2147.0,8155.0,1328.0,2590.0,477.0,46.0,449.0,1496.0,737.0,985.0,181.0,94.0,0.318,0.932
1212.0,2711.0,280.0,694.0,151.0,14.0,75.0,374.0,220.0,687.0,3.0,12.0,0.256,0.723
1309.0,4568.0,625.0,1146.0,226.0,17.0,221.0,718.0,287.0,790.0,47.0,26.0,0.251,0.752
1315.0,4282.0,546.0,1146.0,172.0,24.0,172.0,723.0,521.0,359.0,10.0,12.0,0.268,0.793
1438.0,5236.0,810.0,1463.0,259.0,45.0,199.0,929.0,750.0,546.0,143.0,55.0,0.279,0.829
1544.0,5145.0,833.0,1424.0,229.0,57.0,164.0,703.0,521.0,638.0,50.0,33.0,0.277,0.785
1526.0,5105.0,580.0,1345.0,262.0,8.0,169.0,757.0,430.0,734.0,9.0,5.0,0.263,0.744
1014.0,3020.0,384.0,805.0,135.0,33.0,132.0,467.0,353.0,460.0,10.0,3.0,0.267,0.805
1099.0,4458.0,731.0,1283.0,172.0,57.0,59.0,353.0,363.0,888.0,455.0,142.0,0.288,0.734
2093.0,6752.0,739.0,1639.0,253.0,35.0,68.0,594.0,665.0,711.0,41.0,36.0,0.243,0.635
1571.0,4838.0,609.0,1308.0,248.0,40.0,118.0,611.0,357.0,667.0,151.0,73.0,0.27,0.734
1324.0,4369.0,386.0,1103.0,135.0,26.0,60.0,457.0,333.0,459.0,19.0,24.0,0.252,0.644
1123.0,4784.0,788.0,1230.0,172.0,90.0,31.0,564.0,120.0,498.0,159.0,29.111971403812824,0.257,0.627
1635.0,5563.0,594.0,1421.0,295.0,6.0,143.0,730.0,387.0,751.0,20.0,11.0,0.255,0.702
2194.0,8136.0,1098.0,2303.0,495.0,24.0,386.0,1417.0,633.0,1238.0,29.0,18.0,0.283,0.833
2302.0,8244.0,1544.0,2574.0,547.0,20.0,555.0,1831.0,1329.0,1813.0,38.0,33.0,0.312,0.996
976.0,3068.0,363.0,833.0,143.0,24.0,56.0,355.0,229.0,387.0,64.0,39.0,0.272,0.712
2079.0,7721.0,893.0,2096.0,329.0,106.0,70.0,728.0,375.0,1092.0,242.0,129.0,0.271,0.673
2616.0,10332.0,1610.0,3023.0,486.0,141.0,149.0,900.0,761.0,1730.0,938.0,307.0,0.293,0.753
2409.0,8731.0,1196.0,2495.0,490.0,120.0,172.0,1311.0,955.0,869.0,137.0,90.0,0.286,0.787
1780.0,6683.0,927.0,1775.0,366.0,28.0,252.0,1021.0,552.0,1295.0,94.0,53.0,0.266,0.767
1381.0,4318.0,642.0,1198.0,197.0,58.0,103.0,531.0,485.0,646.0,67.0,36.0,0.277,0.772
1347.0,5161.0,835.0,1561.0,331.0,58.0,228.0,1012.0,545.0,440.0,28.0,23.0,0.302,0.893
1538.0,5233.0,643.0,1478.0,250.0,21.0,100.0,658.0,653.0,662.0,43.0,41.0,0.282,0.756
1142.0,4684.0,898.0,1352.0,215.0,139.0,69.0,740.0,157.0,156.0,245.0,29.111971403812824,0.289,0.763
1872.0,6914.0,974.0,1941.0,311.0,148.0,90.0,997.0,596.0,551.0,125.0,60.0,0.281,0.749
1260.0,4071.0,527.0,1020.0,219.0,9.0,186.0,618.0,385.0,975.0,11.0,5.0,0.251,0.764
1057.0,3494.0,428.0,982.0,162.0,32.0,107.0,451.0,299.0,377.0,11.0,0.0,0.281,0.78
1763.0,6185.0,888.0,1530.0,231.0,71.0,197.0,697.0,882.0,974.0,63.0,59.0,0.247,0.746
2085.0,7627.0,1030.0,2195.0,394.0,35.0,75.0,744.0,721.0,686.0,189.0,89.0,0.288,0.744
1448.0,5410.0,665.0,1516.0,277.0,46.0,42.0,571.0,250.0,419.0,37.0,28.0,0.28,0.689
1259.0,4685.0,618.0,1264.0,242.0,46.0,156.0,667.0,288.0,853.0,127.0,59.0,0.27,0.758
1148.0,4192.0,629.0,1205.0,139.0,75.0,17.0,324.0,344.0,161.0,182.0,68.0,0.287,0.714
2276.0,9101.0,1719.0,3011.0,528.0,124.0,97.0,1879.0,952.0,294.0,247.0,29.111971403812824,0.331,0.842
1388.0,4724.0,713.0,1167.0,252.0,36.0,204.0,624.0,658.0,1147.0,113.0,39.0,0.247,0.782
824.0,2676.0,338.0,681.0,136.0,20.0,77.0,380.0,353.0,340.0,19.0,29.111971403812824,0.254,0.751
1678.0,5546.0,837.0,1484.0,272.0,60.0,235.0,948.0,800.0,828.0,27.0,1.0,0.268,0.83
2034.0,7455.0,1104.0,2143.0,318.0,68.0,282.0,1141.0,713.0,1017.0,105.0,77.0,0.287,0.811
1027.0,3324.0,405.0,847.0,111.0,22.0,106.0,428.0,332.0,397.0,25.0,11.0,0.255,0.724
1605.0,5363.0,619.0,1471.0,218.0,50.0,167.0,762.0,373.0,786.0,9.0,14.0,0.274,0.749
929.0,2885.0,274.0,617.0,79.0,4.0,109.0,341.0,252.0,677.0,5.0,14.0,0.214,0.636
1062.0,3278.0,348.0,835.0,135.0,8.0,62.0,356.0,182.0,314.0,25.0,11.0,0.255,0.655
2440.0,9288.0,1383.0,3141.0,543.0,85.0,135.0,1138.0,790.0,434.0,319.0,125.0,0.338,0.847
1993.0,6686.0,773.0,1764.0,275.0,69.0,28.0,619.0,239.0,511.0,169.0,108.0,0.264,0.625
1469.0,3956.0,484.0,972.0,150.0,42.0,75.0,404.0,332.0,544.0,143.0,68.0,0.246,0.671
1767.0,6509.0,960.0,1887.0,299.0,123.0,74.0,793.0,625.0,274.0,298.0,27.0,0.29,0.765
1514.0,5349.0,676.0,1450.0,254.0,41.0,28.0,574.0,627.0,584.0,188.0,64.0,0.271,0.697
1023.0,2555.0,393.0,693.0,114.0,16.0,66.0,329.0,445.0,382.0,68.0,28.0,0.271,0.787
1223.0,4134.0,630.0,1173.0,224.0,25.0,234.0,760.0,491.0,719.0,30.0,31.0,0.284,0.88
2499.0,8984.0,1619.0,2726.0,549.0,38.0,468.0,1623.0,1512.0,1409.0,150.0,46.0,0.303,0.93
1598.0,5071.0,605.0,1270.0,225.0,40.0,101.0,606.0,698.0,853.0,34.0,54.0,0.25,0.713
1305.0,4408.0,597.0,1157.0,219.0,33.0,146.0,575.0,393.0,791.0,61.0,18.0,0.262,0.747
1495.0,5284.0,705.0,1370.0,191.0,75.0,20.0,445.0,427.0,307.0,312.0,53.0,0.259,0.664
811.0,2831.0,427.0,804.0,138.0,73.0,30.0,422.0,335.0,389.0,189.0,41.0,0.284,0.783
2071.0,7609.0,959.0,2031.0,340.0,31.0,354.0,1244.0,487.0,1570.0,39.0,35.0,0.267,0.772
1422.0,5807.0,992.0,1561.0,226.0,97.0,31.0,758.0,388.0,240.0,318.0,29.111971403812824,0.269,0.68
940.0,2844.0,332.0,648.0,136.0,12.0,88.0,376.0,295.0,562.0,14.0,11.0,0.228,0.677
1450.0,4644.0,623.0,1251.0,193.0,37.0,136.0,591.0,418.0,696.0,16.0,23.0,0.269,0.745
1593.0,5047.0,562.0,1321.0,257.0,72.0,31.0,555.0,357.0,395.0,29.0,18.0,0.262,0.671
1099.0,2873.0,431.0,736.0,141.0,35.0,101.0,398.0,322.0,714.0,41.0,25.0,0.256,0.773
1454.0,5188.0,759.0,1540.0,325.0,5.0,215.0,909.0,522.0,613.0,53.0,25.0,0.297,0.852
2820.0,9864.0,1551.0,2584.0,463.0,49.0,563.0,1702.0,1375.0,2597.0,228.0,115.0,0.262,0.846
1693.0,5701.0,803.0,1416.0,255.0,9.0,191.0,771.0,792.0,1211.0,101.0,51.0,0.248,0.746
1586.0,5930.0,877.0,1572.0,308.0,57.0,130.0,639.0,561.0,865.0,309.0,79.0,0.265,0.729
1379.0,4538.0,780.0,1194.0,311.0,28.0,170.0,616.0,719.0,1108.0,27.0,17.0,0.263,0.825
1219.0,4139.0,645.0,1202.0,262.0,50.0,40.0,450.0,467.0,288.0,71.0,58.0,0.29,0.777
1718.0,5929.0,848.0,1766.0,290.0,29.0,279.0,1028.0,492.0,365.0,20.0,10.0,0.298,0.851
2158.0,7911.0,1057.0,2276.0,414.0,92.0,94.0,844.0,690.0,784.0,246.0,138.0,0.288,0.746
2322.0,8199.0,1494.0,2468.0,495.0,12.0,521.0,1704.0,1667.0,1397.0,32.0,23.0,0.301,0.974
1428.0,5067.0,696.0,1423.0,244.0,71.0,118.0,679.0,416.0,504.0,129.0,47.0,0.281,0.766
1515.0,4604.0,517.0,1206.0,234.0,18.0,60.0,486.0,408.0,750.0,35.0,33.0,0.262,0.685
832.0,2698.0,430.0,723.0,173.0,5.0,95.0,398.0,522.0,572.0,29.0,24.0,0.268,0.84
1687.0,6479.0,1084.0,1882.0,240.0,85.0,42.0,932.0,479.0,223.0,352.0,29.111971403812824,0.29,0.737
1530.0,5208.0,822.0,1631.0,252.0,113.0,136.0,859.0,587.0,408.0,145.0,94.0,0.313,0.875
1179.0,4541.0,580.0,1230.0,117.0,68.0,22.0,421.0,435.0,667.3065260153157,207.0,0.678,0.271,0.678
983.0,3346.0,578.0,870.0,166.0,17.0,112.0,482.0,464.0,687.0,47.0,27.0,0.26,0.778
1352.0,4758.0,688.0,1279.0,238.0,34.0,80.0,475.0,439.0,876.0,198.0,69.0,0.269,0.717
1432.0,5164.0,614.0,1302.0,204.0,39.0,251.0,815.0,260.0,1201.0,18.0,20.0,0.252,0.74
2328.0,8684.0,1181.0,2249.0,313.0,86.0,79.0,646.0,618.0,1142.0,649.0,199.0,0.259,0.653
2009.0,7654.0,1288.0,2524.0,491.0,160.0,110.0,1183.0,506.0,345.0,114.0,58.0,0.33,0.856
1167.0,3994.0,440.0,996.0,190.0,5.0,146.0,550.0,368.0,847.0,9.0,4.0,0.249,0.722
1748.0,7363.0,1099.0,2376.0,339.0,182.0,68.0,981.0,484.0,260.0,268.0,92.0,0.323,0.815
1066.0,3709.0,523.0,942.0,208.0,14.0,153.0,521.0,408.0,1126.0,105.0,32.0,0.254,0.769
1346.0,4288.0,625.0,1061.0,169.0,50.0,93.0,467.0,588.0,767.0,139.0,51.0,0.247,0.719
2264.0,7245.0,679.0,1838.0,303.0,26.0,105.0,826.0,663.0,608.0,38.0,50.0,0.254,0.661
1902.0,7378.0,1005.0,2029.0,368.0,35.0,211.0,951.0,420.0,1092.0,209.0,84.0,0.275,0.74
2292.0,7706.0,1798.0,2654.0,525.0,71.0,521.0,1839.0,2019.0,709.0,24.0,17.0,0.344,1.116
1379.0,4840.0,728.0,1417.0,189.0,70.0,36.0,405.0,369.0,543.0,321.0,145.0,0.293,0.725
1465.0,5186.0,631.0,1302.0,245.0,39.0,155.0,722.0,528.0,1055.0,37.0,33.0,0.251,0.725
865.0,2948.0,455.0,775.0,143.0,61.0,55.0,395.0,378.0,369.0,121.0,26.0,0.263,0.76
1405.0,4809.0,707.0,1304.0,258.0,26.0,202.0,791.0,442.0,1021.0,107.0,54.0,0.271,0.803
1156.0,4052.0,437.0,1057.0,218.0,29.0,80.0,457.0,143.0,435.0,30.0,30.0,0.261,0.673
902.0,2795.0,320.0,736.0,155.0,13.0,48.0,306.0,196.0,511.0,29.0,18.0,0.263,0.692
2502.0,8872.0,1571.0,2605.0,430.0,113.0,170.0,980.0,1330.0,966.0,808.0,146.0,0.294,0.81
973.0,3060.0,345.0,776.0,136.0,17.0,98.0,427.0,371.0,539.0,20.0,17.0,0.254,0.744
1272.0,4813.0,548.0,1230.0,150.0,23.0,27.0,304.0,365.0,362.0,151.0,58.0,0.256,0.621
1831.0,6185.0,802.0,1826.0,307.0,41.0,184.0,989.0,653.0,796.0,27.0,28.0,0.295,0.811
2054.0,8267.0,1282.0,2810.0,425.0,164.0,102.0,1175.0,472.0,327.0,375.0,127.0,0.34,0.847
971.0,2799.0,324.0,678.0,120.0,21.0,36.0,242.0,266.0,619.0,84.0,28.0,0.242,0.648
1688.0,5432.0,794.0,1283.0,253.0,14.0,298.0,871.0,707.0,1927.0,64.0,31.0,0.236,0.781
1264.0,4101.0,522.0,1099.0,180.0,45.0,91.0,479.0,299.0,421.0,145.0,60.0,0.268,0.717
1485.0,4624.0,514.0,1176.0,196.0,41.0,63.0,514.0,364.0,443.0,45.0,50.0,0.254,0.664
1158.0,3906.0,421.0,991.0,128.0,84.0,29.0,394.0,346.0,269.0,117.0,1.0,0.254,0.668
2120.0,7555.0,1175.0,2150.0,321.0,49.0,358.0,1430.0,704.0,414.0,30.0,26.0,0.285,0.83
813.0,2578.0,340.0,630.0,77.0,19.0,20.0,211.0,220.0,392.0,187.0,73.0,0.244,0.617
2059.0,7290.0,807.0,2043.0,407.0,24.0,188.0,909.0,308.0,895.0,15.0,23.0,0.28,0.739
1488.0,5569.0,834.0,1546.0,253.0,55.0,46.0,435.0,413.0,410.0,226.0,108.0,0.278,0.703
1065.0,3549.0,454.0,923.0,201.0,8.0,154.0,587.0,339.0,888.0,17.0,20.0,0.26,0.781
2296.0,7971.0,1025.0,2092.0,371.0,31.0,324.0,1225.0,848.0,997.0,39.0,42.0,0.262,0.774
1192.0,3440.0,348.0,914.0,172.0,7.0,71.0,438.0,385.0,378.0,14.0,10.0,0.266,0.722
1011.0,3284.0,458.0,929.0,140.0,36.0,67.0,426.0,408.0,282.0,42.0,21.0,0.283,0.774
1406.0,5382.0,727.0,1459.0,238.0,89.0,62.0,467.0,265.0,783.0,125.0,68.0,0.271,0.69
1408.0,4532.0,783.0,1301.0,182.0,71.0,40.0,382.0,334.0,348.0,228.0,67.0,0.287,0.724
911.0,2834.0,444.0,687.0,106.0,20.0,92.0,283.0,277.0,972.0,161.0,34.0,0.242,0.704
1147.0,4211.0,575.0,1238.0,219.0,43.0,24.0,464.0,280.0,226.0,50.0,29.111971403812824,0.294,0.724
1530.0,4855.0,676.0,1361.0,226.0,56.0,62.0,435.0,505.0,507.0,217.0,99.0,0.28,0.737
